,date,open,close,high,low,volume,code
0,2010-01-20,2.425,2.426,2.619,2.391,62920.01,300043
1,2010-01-21,2.439,2.359,2.439,2.328,18936.91,300043
2,2010-01-22,2.328,2.223,2.328,2.198,16286.45,300043
3,2010-01-25,2.221,2.178,2.222,2.164,9334.2,300043
4,2010-01-26,2.204,2.161,2.219,2.144,7499.67,300043
5,2010-01-27,2.173,2.163,2.182,2.134,6506.59,300043
6,2010-01-28,2.163,2.078,2.182,2.075,10371.74,300043
7,2010-01-29,2.071,2.065,2.102,2.044,6163.76,300043
8,2010-02-01,2.031,1.993,2.032,1.969,7781.81,300043
9,2010-02-02,1.998,1.968,2.017,1.967,5799.49,300043
10,2010-02-03,1.973,1.928,1.98,1.868,7034.94,300043
11,2010-02-04,1.904,1.942,1.968,1.897,5032.69,300043
12,2010-02-05,1.916,1.929,1.958,1.901,4703.32,300043
13,2010-02-08,1.916,1.941,1.954,1.916,2799.3,300043
14,2010-02-09,1.938,1.918,1.945,1.902,2281.94,300043
15,2010-02-10,1.926,1.978,1.992,1.926,5423.2,300043
16,2010-02-11,1.979,1.994,2.027,1.942,3963.57,300043
17,2010-02-12,1.989,2.018,2.021,1.982,3293.92,300043
18,2010-02-22,2.008,1.997,2.025,1.991,2001.62,300043
19,2010-02-23,2.008,1.995,2.008,1.964,2287.48,300043
20,2010-02-24,2.003,2.064,2.07,1.976,6271.74,300043
21,2010-02-25,2.076,2.115,2.124,2.075,7089.31,300043
22,2010-02-26,2.129,2.086,2.129,2.076,5803.34,300043
23,2010-03-01,2.105,2.122,2.139,2.09,6371.64,300043
24,2010-03-02,2.124,2.119,2.131,2.101,4673.82,300043
25,2010-03-03,2.118,2.091,2.126,2.062,5388.49,300043
26,2010-03-04,2.089,2.022,2.108,2.012,4869.3,300043
27,2010-03-05,2.023,2.049,2.056,2.013,3462.62,300043
28,2010-03-08,2.044,2.1,2.11,2.044,3795.96,300043
29,2010-03-09,2.11,2.122,2.122,2.067,5927.8,300043
30,2010-03-10,2.143,2.128,2.144,2.096,6233.1,300043
31,2010-03-11,2.163,2.172,2.172,2.101,9915.15,300043
32,2010-03-12,2.173,2.151,2.224,2.143,10931.64,300043
33,2010-03-15,2.134,2.162,2.171,2.123,5621.11,300043
34,2010-03-16,2.149,2.143,2.183,2.111,4680.04,300043
35,2010-03-17,2.143,2.172,2.172,2.133,4718.14,300043
36,2010-03-18,2.178,2.187,2.207,2.158,5649.78,300043
37,2010-03-19,2.191,2.177,2.204,2.168,2459.14,300043
38,2010-03-22,2.172,2.15,2.172,2.136,4648.49,300043
39,2010-03-23,2.153,2.169,2.178,2.133,6443.94,300043
40,2010-03-24,2.168,2.203,2.223,2.159,8035.93,300043
41,2010-03-25,2.196,2.26,2.268,2.196,11218.66,300043
42,2010-03-26,2.23,2.231,2.255,2.183,7198.17,300043
43,2010-03-29,2.231,2.275,2.289,2.222,11225.66,300043
44,2010-03-30,2.268,2.308,2.32,2.248,11027.64,300043
45,2010-03-31,2.249,2.274,2.304,2.208,20346.11,300043
46,2010-04-01,2.259,2.271,2.321,2.24,17191.64,300043
47,2010-04-02,2.26,2.248,2.265,2.231,8562.82,300043
48,2010-04-06,2.248,2.287,2.288,2.248,5979.6,300043
49,2010-04-07,2.294,2.328,2.328,2.287,11406.32,300043
50,2010-04-08,2.331,2.318,2.414,2.308,13316.16,300043
51,2010-04-09,2.318,2.366,2.367,2.304,6544.18,300043
52,2010-04-12,2.386,2.425,2.448,2.386,14867.44,300043
53,2010-04-13,2.42,2.252,2.433,2.183,15309.46,300043
54,2010-04-14,2.245,2.239,2.264,2.209,8831.43,300043
55,2010-04-15,2.25,2.148,2.255,2.12,11053.42,300043
56,2010-04-16,2.148,2.183,2.205,2.135,5860.27,300043
57,2010-04-19,2.182,2.144,2.219,2.139,6623.75,300043
58,2010-04-20,2.11,2.085,2.133,2.007,18525.97,300043
59,2010-04-21,2.088,2.151,2.163,2.088,11011.14,300043
60,2010-04-22,2.151,2.185,2.219,2.139,10190.88,300043
61,2010-04-23,2.176,2.201,2.235,2.151,9254.02,300043
62,2010-04-26,2.179,2.112,2.225,2.086,10055.82,300043
63,2010-04-27,2.1,2.037,2.124,2.018,9184.4,300043
64,2010-04-28,2.013,2.032,2.065,2.013,4889.76,300043
65,2010-04-29,2.037,1.994,2.061,1.994,5217.93,300043
66,2010-04-30,2.003,1.996,2.013,1.933,6174.91,300043
67,2010-05-04,2.003,2.021,2.035,1.969,5068.68,300043
68,2010-05-05,1.997,2.06,2.061,1.989,6763.0,300043
69,2010-05-06,2.06,1.974,2.06,1.974,6375.97,300043
70,2010-05-07,1.945,1.959,1.975,1.925,4598.83,300043
71,2010-05-10,1.961,1.891,1.961,1.851,6956.35,300043
72,2010-05-11,1.928,1.851,1.934,1.845,3963.8,300043
73,2010-05-12,1.845,1.793,1.853,1.775,4189.15,300043
74,2010-05-13,1.808,1.929,1.929,1.785,7821.25,300043
75,2010-05-14,1.929,1.907,1.937,1.888,4814.24,300043
76,2010-05-17,1.883,1.821,1.896,1.809,4110.21,300043
77,2010-05-18,1.823,1.854,1.854,1.784,2950.37,300043
78,2010-05-19,1.835,1.891,1.935,1.835,4205.06,300043
79,2010-05-20,1.871,1.846,1.906,1.844,3815.6,300043
80,2010-05-21,1.812,1.896,1.902,1.785,5504.33,300043
81,2010-05-24,1.898,1.959,1.978,1.892,7723.27,300043
82,2010-05-25,1.956,1.917,1.956,1.898,5160.03,300043
83,2010-05-26,1.906,1.902,1.931,1.895,2954.76,300043
84,2010-05-27,1.922,1.956,1.96,1.872,5891.13,300043
85,2010-05-28,1.958,2.0,2.024,1.958,9682.82,300043
86,2010-05-31,1.998,1.979,2.028,1.961,6384.3,300043
87,2010-06-01,1.954,1.937,1.976,1.9,3826.77,300043
88,2010-06-02,1.932,1.951,1.951,1.913,2813.84,300043
89,2010-06-03,1.975,1.956,1.995,1.943,4011.58,300043
90,2010-06-04,1.954,1.98,1.982,1.922,3894.85,300043
91,2010-06-07,1.955,2.035,2.045,1.932,7181.73,300043
92,2010-06-08,2.025,2.016,2.028,1.986,4064.39,300043
93,2010-06-09,2.021,2.025,2.073,2.006,7064.21,300043
94,2010-06-10,2.025,2.057,2.085,2.01,5113.05,300043
95,2010-06-11,2.067,2.122,2.158,2.065,10896.13,300043
96,2010-06-17,2.127,2.003,2.15,2.0,5503.37,300043
97,2010-06-18,2.003,1.992,2.039,1.957,4843.2,300043
98,2010-06-21,1.985,2.058,2.058,1.92,6278.59,300043
99,2010-06-22,2.043,2.044,2.065,2.031,4436.37,300043
100,2010-06-23,2.025,2.025,2.073,1.995,3543.96,300043
101,2010-06-24,2.025,2.051,2.073,2.008,3900.78,300043
102,2010-06-25,2.048,2.0,2.059,1.973,3617.47,300043
103,2010-06-28,2.002,1.955,2.01,1.951,2992.1,300043
104,2010-06-29,1.952,1.833,1.966,1.832,4481.34,300043
105,2010-06-30,1.829,1.845,1.857,1.81,2605.45,300043
106,2010-07-01,1.845,1.793,1.855,1.789,4528.02,300043
107,2010-07-02,1.808,1.778,1.823,1.724,4262.01,300043
108,2010-07-05,1.774,1.769,1.778,1.735,2245.11,300043
109,2010-07-06,1.769,1.823,1.829,1.757,4452.5,300043
110,2010-07-07,1.827,1.852,1.868,1.823,4127.07,300043
111,2010-07-08,1.856,1.884,1.906,1.836,3586.65,300043
112,2010-07-09,1.908,1.987,2.022,1.907,7488.02,300043
113,2010-07-12,1.983,1.967,1.987,1.955,5151.0,300043
114,2010-07-13,1.959,1.99,2.004,1.936,4002.64,300043
115,2010-07-14,1.999,1.955,2.001,1.95,3035.09,300043
116,2010-07-15,1.955,1.897,1.963,1.896,2625.25,300043
117,2010-07-16,1.888,1.878,1.888,1.841,3750.91,300043
118,2010-07-19,1.853,1.907,1.913,1.836,2631.67,300043
119,2010-07-20,1.922,1.956,1.985,1.908,5435.62,300043
120,2010-07-21,1.984,1.958,1.994,1.956,4731.69,300043
121,2010-07-22,1.961,1.978,1.978,1.947,2672.44,300043
122,2010-07-23,1.978,1.981,1.989,1.948,4096.88,300043
123,2010-07-26,1.981,1.997,2.008,1.98,3270.75,300043
124,2010-07-27,1.998,1.976,2.004,1.956,6124.79,300043
125,2010-07-28,1.96,1.992,2.003,1.958,4503.09,300043
126,2010-07-29,1.994,2.024,2.048,1.985,5999.87,300043
127,2010-07-30,2.017,2.076,2.117,1.987,8877.59,300043
128,2010-08-02,2.073,2.1,2.117,2.064,6705.6,300043
129,2010-08-03,2.108,2.072,2.125,2.064,6223.36,300043
130,2010-08-04,2.07,2.099,2.102,2.069,5208.09,300043
131,2010-08-05,2.092,2.133,2.148,2.09,6516.83,300043
132,2010-08-06,2.146,2.16,2.166,2.112,6003.72,300043
133,2010-08-09,2.17,2.154,2.193,2.142,5176.0,300043
134,2010-08-10,2.158,2.13,2.201,2.13,6929.66,300043
135,2010-08-11,2.13,2.111,2.141,2.073,6653.68,300043
136,2010-08-12,2.092,2.161,2.164,2.049,7444.84,300043
137,2010-08-16,2.239,2.21,2.24,2.184,19443.22,300043
138,2010-08-17,2.216,2.212,2.22,2.196,7705.75,300043
139,2010-08-18,2.23,2.224,2.23,2.186,7748.52,300043
140,2010-08-19,2.223,2.233,2.255,2.206,8888.97,300043
141,2010-08-20,2.226,2.175,2.234,2.166,6980.73,300043
142,2010-08-23,2.181,2.171,2.196,2.165,3683.77,300043
143,2010-08-24,2.18,2.179,2.206,2.17,3855.55,300043
144,2010-08-25,2.167,2.102,2.17,2.092,5894.84,300043
145,2010-08-26,2.113,2.142,2.146,2.113,4649.0,300043
146,2010-08-27,2.135,2.241,2.242,2.135,9121.0,300043
147,2010-08-30,2.24,2.266,2.274,2.225,6470.0,300043
148,2010-08-31,2.264,2.275,2.289,2.245,5634.0,300043
149,2010-09-01,2.284,2.218,2.286,2.201,7668.0,300043
150,2010-09-02,2.225,2.279,2.289,2.225,6129.0,300043
151,2010-09-03,2.297,2.278,2.298,2.249,6857.0,300043
152,2010-09-06,2.278,2.274,2.293,2.249,7832.0,300043
153,2010-09-07,2.269,2.275,2.28,2.257,2553.0,300043
154,2010-09-08,2.28,2.25,2.328,2.246,7911.0,300043
155,2010-09-09,2.252,2.2,2.255,2.186,6115.0,300043
156,2010-09-10,2.2,2.238,2.242,2.191,4214.0,300043
157,2010-09-13,2.238,2.241,2.292,2.238,6143.0,300043
158,2010-09-14,2.245,2.255,2.264,2.2,6013.0,300043
159,2010-09-15,2.252,2.21,2.252,2.201,5048.0,300043
160,2010-09-16,2.219,2.148,2.235,2.094,6620.0,300043
161,2010-09-17,2.155,2.145,2.156,2.131,2266.0,300043
162,2010-09-20,2.162,2.118,2.162,2.094,2433.0,300043
163,2010-09-21,2.116,2.137,2.156,2.103,2320.0,300043
164,2010-09-27,2.137,2.152,2.167,2.111,2118.0,300043
165,2010-09-28,2.152,2.142,2.152,2.094,2765.0,300043
166,2010-09-29,2.123,2.136,2.143,2.107,3505.0,300043
167,2010-09-30,2.114,2.163,2.163,2.114,2470.0,300043
168,2010-10-08,2.177,2.219,2.225,2.153,4668.0,300043
169,2010-10-11,2.225,2.192,2.236,2.181,2433.0,300043
170,2010-10-12,2.181,2.185,2.209,2.172,2574.0,300043
171,2010-10-13,2.185,2.154,2.189,2.109,5513.0,300043
172,2010-10-14,2.153,2.109,2.153,2.107,4665.0,300043
173,2010-10-15,2.104,2.098,2.134,2.089,4389.0,300043
174,2010-10-18,2.098,2.108,2.127,2.002,6879.0,300043
175,2010-10-19,2.104,2.22,2.266,2.101,12276.0,300043
176,2010-10-20,2.142,2.195,2.27,2.142,7365.0,300043
177,2010-10-21,2.195,2.128,2.233,2.128,5057.0,300043
178,2010-10-22,2.131,2.211,2.222,2.129,8509.0,300043
179,2010-10-25,2.214,2.228,2.244,2.127,7785.0,300043
180,2010-10-26,2.262,2.289,2.308,2.244,10494.0,300043
181,2010-10-27,2.303,2.336,2.42,2.299,11114.0,300043
182,2010-10-28,2.362,2.327,2.376,2.304,4956.0,300043
183,2010-10-29,2.347,2.347,2.442,2.336,8518.0,300043
184,2010-11-01,2.384,2.425,2.441,2.359,7596.0,300043
185,2010-11-02,2.425,2.359,2.431,2.329,6976.0,300043
186,2010-11-03,2.31,2.244,2.332,2.228,12596.0,300043
187,2010-11-04,2.245,2.354,2.354,2.244,8809.0,300043
188,2010-11-05,2.451,2.586,2.59,2.451,25480.0,300043
189,2010-11-08,2.591,2.717,2.756,2.591,19401.0,300043
190,2010-11-09,2.717,2.707,2.72,2.619,9154.0,300043
191,2010-11-10,2.67,2.686,2.707,2.641,5638.0,300043
192,2010-11-11,2.686,2.729,2.824,2.676,8510.0,300043
193,2010-11-12,2.685,2.568,2.706,2.457,9644.0,300043
194,2010-11-15,2.575,2.671,2.698,2.575,8561.0,300043
195,2010-11-16,2.678,2.678,2.78,2.626,7837.0,300043
196,2010-11-17,2.642,2.575,2.663,2.575,5825.0,300043
197,2010-11-18,2.572,2.605,2.633,2.572,6008.0,300043
198,2010-11-19,2.637,2.703,2.74,2.633,7281.0,300043
199,2010-11-22,2.714,2.798,2.807,2.707,7489.0,300043
200,2010-11-23,2.787,2.764,2.787,2.696,4293.0,300043
201,2010-11-24,2.757,2.857,2.857,2.755,7112.0,300043
202,2010-11-25,2.859,2.78,2.874,2.715,8506.0,300043
203,2010-11-26,2.753,2.743,2.77,2.725,2703.0,300043
204,2010-11-29,2.737,2.8,2.8,2.736,4686.0,300043
205,2010-11-30,2.8,2.751,2.8,2.569,10098.0,300043
206,2010-12-01,2.715,2.665,2.737,2.641,2948.0,300043
207,2010-12-02,2.671,2.712,2.727,2.671,3523.0,300043
208,2010-12-03,2.692,2.71,2.725,2.65,1994.0,300043
209,2010-12-06,2.682,2.673,2.719,2.648,2604.0,300043
210,2010-12-07,2.676,2.724,2.724,2.641,2411.0,300043
211,2010-12-08,2.724,2.72,2.748,2.686,1690.0,300043
212,2010-12-09,2.72,2.699,2.72,2.665,1360.0,300043
213,2010-12-10,2.67,2.754,2.758,2.655,1515.0,300043
214,2010-12-13,2.75,2.85,2.85,2.743,5012.0,300043
215,2010-12-14,2.861,2.906,2.932,2.837,4794.0,300043
216,2010-12-15,2.911,2.858,2.921,2.857,2305.0,300043
217,2010-12-16,2.837,2.914,2.93,2.824,2756.0,300043
218,2010-12-17,2.861,2.927,2.928,2.861,1999.0,300043
219,2010-12-20,2.934,2.901,2.973,2.787,3926.0,300043
220,2010-12-21,2.869,2.927,2.943,2.861,2617.0,300043
221,2010-12-22,2.924,2.889,2.924,2.865,1012.0,300043
222,2010-12-23,2.869,2.824,2.908,2.824,4195.0,300043
223,2010-12-24,2.816,2.678,2.816,2.678,3959.0,300043
224,2010-12-27,2.677,2.619,2.747,2.59,4294.0,300043
225,2010-12-28,2.617,2.605,2.707,2.597,1499.0,300043
226,2010-12-29,2.611,2.671,2.671,2.611,1456.0,300043
227,2010-12-30,2.669,2.663,2.698,2.594,2262.0,300043
228,2010-12-31,2.663,2.692,2.726,2.637,2882.0,300043
229,2011-01-04,2.727,2.822,2.822,2.647,6561.0,300043
230,2011-01-05,2.751,2.838,2.887,2.751,2766.0,300043
231,2011-01-06,2.873,2.863,2.897,2.806,1965.0,300043
232,2011-01-07,2.868,2.799,2.868,2.792,2540.0,300043
233,2011-01-10,2.78,2.699,2.787,2.639,3288.0,300043
234,2011-01-11,2.663,2.663,2.712,2.641,1456.0,300043
235,2011-01-12,2.648,2.676,2.704,2.627,1761.0,300043
236,2011-01-13,2.679,2.673,2.69,2.649,1547.0,300043
237,2011-01-14,2.642,2.556,2.642,2.556,3135.0,300043
238,2011-01-17,2.555,2.466,2.555,2.462,1879.0,300043
239,2011-01-18,2.457,2.461,2.53,2.446,527.0,300043
240,2011-01-19,2.423,2.527,2.56,2.423,742.0,300043
241,2011-01-20,2.523,2.479,2.523,2.479,1190.0,300043
242,2011-01-21,2.433,2.434,2.514,2.42,1131.0,300043
243,2011-01-24,2.457,2.466,2.553,2.399,3389.0,300043
244,2011-01-25,2.496,2.404,2.496,2.266,2387.0,300043
245,2011-01-26,2.349,2.396,2.396,2.297,1181.0,300043
246,2011-01-27,2.356,2.413,2.418,2.321,2048.0,300043
247,2011-01-28,2.413,2.434,2.442,2.391,1031.0,300043
248,2011-01-31,2.434,2.442,2.444,2.394,1255.0,300043
249,2011-02-01,2.425,2.435,2.455,2.406,1735.0,300043
250,2011-02-09,2.384,2.475,2.484,2.384,1629.0,300043
251,2011-02-10,2.446,2.514,2.521,2.443,2165.0,300043
252,2011-02-11,2.5,2.531,2.56,2.5,6166.0,300043
253,2011-02-14,2.594,2.558,2.595,2.522,1372.0,300043
254,2011-02-15,2.533,2.586,2.602,2.533,2381.0,300043
255,2011-02-16,2.532,2.589,2.618,2.532,1858.0,300043
256,2011-02-17,2.553,2.599,2.626,2.553,1384.0,300043
257,2011-02-18,2.553,2.578,2.624,2.553,2009.0,300043
258,2011-02-21,2.553,2.712,2.78,2.553,3485.0,300043
259,2011-02-22,2.692,2.624,2.699,2.568,3638.0,300043
260,2011-02-23,2.582,2.625,2.66,2.582,3066.0,300043
261,2011-02-24,2.625,2.564,2.646,2.525,2958.0,300043
262,2011-02-28,2.677,2.688,2.795,2.667,8689.0,300043
263,2011-03-01,2.671,2.641,2.7,2.626,7501.0,300043
264,2011-03-02,2.625,2.699,2.705,2.611,6290.0,300043
265,2011-03-03,2.714,2.645,2.725,2.63,5213.0,300043
266,2011-03-04,2.641,2.64,2.66,2.589,8054.0,300043
267,2011-03-07,2.627,2.626,2.646,2.621,4753.0,300043
268,2011-03-08,2.626,2.698,2.751,2.626,8197.0,300043
269,2011-03-09,2.687,2.781,2.781,2.687,6756.0,300043
270,2011-03-10,2.819,2.761,2.837,2.751,6965.0,300043
271,2011-03-11,2.778,2.78,2.838,2.715,6783.0,300043
272,2011-03-14,2.758,2.809,2.812,2.758,4511.0,300043
273,2011-03-15,2.811,2.767,2.82,2.718,5170.0,300043
274,2011-03-16,2.765,2.831,2.85,2.765,4486.0,300043
275,2011-03-17,2.808,2.795,2.83,2.773,4163.0,300043
276,2011-03-18,2.823,2.831,2.861,2.803,5510.0,300043
277,2011-03-22,2.831,2.707,2.831,2.707,5369.0,300043
278,2011-03-23,2.7,2.771,2.778,2.698,4726.0,300043
279,2011-03-24,2.787,2.734,2.787,2.728,4598.0,300043
280,2011-03-25,2.712,2.758,2.772,2.712,3781.0,300043
281,2011-03-28,2.758,2.711,2.787,2.711,4331.0,300043
282,2011-03-29,2.696,2.658,2.732,2.641,3192.0,300043
283,2011-03-30,2.633,2.627,2.706,2.62,5304.0,300043
284,2011-03-31,2.638,2.52,2.655,2.44,8323.0,300043
285,2011-04-01,2.537,2.526,2.537,2.446,5522.0,300043
286,2011-04-06,2.475,2.53,2.551,2.475,4272.0,300043
287,2011-04-07,2.53,2.549,2.564,2.487,5937.0,300043
288,2011-04-08,2.545,2.567,2.582,2.53,4366.0,300043
289,2011-04-11,2.582,2.493,2.593,2.493,6250.0,300043
290,2011-04-12,2.49,2.493,2.561,2.434,6580.0,300043
291,2011-04-13,2.478,2.604,2.654,2.47,10803.0,300043
292,2011-04-14,2.604,2.562,2.626,2.552,4592.0,300043
293,2011-04-15,2.562,2.548,2.577,2.523,2894.0,300043
294,2011-04-18,2.546,2.493,2.552,2.461,7299.0,300043
295,2011-04-19,2.493,2.462,2.493,2.436,4724.0,300043
296,2011-04-20,2.45,2.493,2.496,2.434,6559.0,300043
297,2011-04-21,2.503,2.542,2.562,2.48,5762.0,300043
298,2011-04-22,2.604,2.529,2.61,2.502,13240.0,300043
299,2011-04-25,2.529,2.419,2.529,2.419,7442.0,300043
300,2011-04-26,2.378,2.399,2.433,2.34,5944.0,300043
301,2011-04-27,2.415,2.343,2.416,2.318,4501.0,300043
302,2011-04-28,2.334,2.313,2.396,2.298,6197.0,300043
303,2011-04-29,2.352,2.346,2.352,2.303,2818.0,300043
304,2011-05-03,2.359,2.359,2.374,2.316,2851.0,300043
305,2011-05-04,2.346,2.316,2.346,2.287,2665.0,300043
306,2011-05-05,2.303,2.328,2.353,2.288,2759.0,300043
307,2011-05-06,2.303,2.318,2.344,2.297,1959.0,300043
308,2011-05-09,2.323,2.36,2.385,2.319,3713.0,300043
309,2011-05-10,2.352,2.36,2.388,2.35,4889.0,300043
310,2011-05-11,2.36,2.384,2.405,2.349,5033.0,300043
311,2011-05-12,2.38,2.391,2.416,2.36,8235.0,300043
312,2011-05-13,2.382,2.372,2.384,2.287,6014.0,300043
313,2011-05-16,2.372,2.357,2.372,2.303,4347.0,300043
314,2011-05-17,2.334,2.31,2.341,2.298,2822.0,300043
315,2011-05-18,2.31,2.306,2.331,2.287,6067.0,300043
316,2011-05-19,2.301,2.316,2.36,2.301,3990.0,300043
317,2011-05-20,2.301,2.316,2.321,2.294,2388.0,300043
318,2011-05-23,2.319,2.244,2.319,2.223,3603.0,300043
319,2011-05-24,2.228,2.316,2.316,2.213,7509.0,300043
320,2011-05-25,2.29,2.242,2.306,2.217,4900.0,300043
321,2011-05-26,2.247,2.141,2.257,2.111,6946.0,300043
322,2011-05-27,2.141,2.102,2.167,2.09,5125.0,300043
323,2011-05-31,2.158,2.239,2.284,2.133,9848.0,300043
324,2011-06-01,2.245,2.264,2.287,2.217,9297.0,300043
325,2011-06-02,2.22,2.198,2.232,2.172,6614.0,300043
326,2011-06-03,2.219,2.238,2.257,2.219,4902.0,300043
327,2011-06-07,2.231,2.285,2.297,2.226,5640.0,300043
328,2011-06-08,2.287,2.264,2.287,2.229,3259.0,300043
329,2011-06-10,2.242,2.228,2.248,2.172,4307.0,300043
330,2011-06-13,2.213,2.225,2.231,2.176,3873.0,300043
331,2011-06-14,2.241,2.263,2.267,2.203,3719.0,300043
332,2011-06-15,2.26,2.242,2.278,2.233,4774.0,300043
333,2011-06-16,2.211,2.182,2.228,2.173,5467.0,300043
334,2011-06-17,2.257,2.191,2.257,2.154,2781.0,300043
335,2011-06-20,2.183,2.124,2.183,2.104,1479.0,300043
336,2011-06-21,2.151,2.138,2.151,2.11,727.0,300043
337,2011-06-22,2.127,2.111,2.151,2.107,1087.0,300043
338,2011-06-23,2.108,2.167,2.176,2.093,3061.0,300043
339,2011-06-24,2.154,2.253,2.254,2.151,5256.0,300043
340,2011-06-27,2.253,2.273,2.306,2.236,5816.0,300043
341,2011-06-28,2.284,2.279,2.343,2.266,3894.0,300043
342,2011-06-29,2.279,2.264,2.31,2.245,4532.0,300043
343,2011-06-30,2.264,2.226,2.287,2.225,11029.0,300043
344,2011-07-01,2.337,2.279,2.374,2.214,35907.0,300043
345,2011-07-04,2.262,2.449,2.49,2.236,35063.0,300043
346,2011-07-05,2.434,2.415,2.461,2.406,13897.0,300043
347,2011-07-06,2.4,2.477,2.502,2.378,14433.0,300043
348,2011-07-07,2.467,2.545,2.589,2.461,26865.0,300043
349,2011-07-08,2.545,2.515,2.574,2.493,13273.0,300043
350,2011-07-11,2.515,2.596,2.601,2.449,17373.0,300043
351,2011-07-12,2.582,2.588,2.604,2.52,9997.0,300043
352,2011-07-13,2.571,2.577,2.611,2.555,9395.0,300043
353,2011-07-14,2.576,2.582,2.616,2.54,7409.0,300043
354,2011-07-15,2.567,2.678,2.685,2.567,17189.0,300043
355,2011-07-18,2.676,2.619,2.676,2.614,7225.0,300043
356,2011-07-19,2.616,2.517,2.616,2.49,11980.0,300043
357,2011-07-20,2.554,2.548,2.567,2.449,14641.0,300043
358,2011-07-21,2.543,2.545,2.545,2.493,5546.0,300043
359,2011-07-22,2.545,2.552,2.57,2.515,6041.0,300043
360,2011-07-25,2.552,2.465,2.554,2.464,9156.0,300043
361,2011-07-26,2.496,2.523,2.526,2.405,10114.0,300043
362,2011-07-27,2.478,2.512,2.518,2.47,10968.0,300043
363,2011-07-28,2.515,2.518,2.534,2.486,6313.0,300043
364,2011-07-29,2.518,2.552,2.582,2.502,6776.0,300043
365,2011-08-01,2.521,2.554,2.589,2.521,7830.0,300043
366,2011-08-02,2.537,2.545,2.56,2.478,5141.0,300043
367,2011-08-03,2.508,2.568,2.577,2.508,11668.0,300043
368,2011-08-04,2.568,2.558,2.589,2.531,7277.0,300043
369,2011-08-05,2.495,2.468,2.508,2.406,7370.0,300043
370,2011-08-08,2.434,2.31,2.475,2.285,15234.0,300043
371,2011-08-09,2.242,2.36,2.43,2.198,10960.0,300043
372,2011-08-10,2.375,2.362,2.434,2.362,8395.0,300043
373,2011-08-11,2.316,2.499,2.502,2.306,11683.0,300043
374,2011-08-12,2.458,2.483,2.534,2.45,20957.0,300043
375,2011-08-15,2.464,2.52,2.539,2.464,7870.0,300043
376,2011-08-16,2.512,2.52,2.549,2.508,5975.0,300043
377,2011-08-17,2.549,2.551,2.562,2.483,11469.0,300043
378,2011-08-18,2.552,2.464,2.552,2.464,15340.0,300043
379,2011-08-19,2.405,2.527,2.533,2.387,10089.0,300043
380,2011-08-22,2.53,2.627,2.654,2.523,16930.0,300043
381,2011-08-23,2.641,2.66,2.664,2.599,9691.0,300043
382,2011-08-24,2.655,2.747,2.757,2.619,18486.0,300043
383,2011-08-25,2.744,2.759,2.781,2.7,25047.0,300043
384,2011-08-26,2.75,2.788,2.829,2.716,13175.0,300043
385,2011-08-29,2.785,2.692,2.785,2.692,8892.0,300043
386,2011-08-30,2.701,2.744,2.825,2.701,17573.0,300043
387,2011-08-31,2.744,2.723,2.773,2.655,11237.0,300043
388,2011-09-01,2.725,2.658,2.725,2.614,5946.0,300043
389,2011-09-02,2.714,2.708,2.773,2.667,5104.0,300043
390,2011-09-05,2.648,2.657,2.675,2.619,5178.0,300043
391,2011-09-06,2.602,2.66,2.68,2.602,4589.0,300043
392,2011-09-07,2.657,2.773,2.785,2.657,8420.0,300043
393,2011-09-08,2.781,2.818,2.827,2.751,7390.0,300043
394,2011-09-09,2.8,2.788,2.821,2.781,3530.0,300043
395,2011-09-13,2.732,2.825,2.827,2.71,4651.0,300043
396,2011-09-14,2.816,2.9,2.921,2.793,16906.0,300043
397,2011-09-15,2.903,2.847,2.917,2.841,3738.0,300043
398,2011-09-16,2.869,2.862,2.921,2.835,6804.0,300043
399,2011-09-19,2.866,2.762,2.866,2.729,5055.0,300043
400,2011-09-20,2.75,2.729,2.773,2.717,3073.0,300043
401,2011-09-21,2.719,2.847,2.86,2.707,5133.0,300043
402,2011-09-22,2.828,2.803,2.832,2.76,4545.0,300043
403,2011-09-23,2.735,2.869,2.905,2.726,5846.0,300043
404,2011-09-26,2.849,2.76,2.857,2.751,2954.0,300043
405,2011-09-27,2.8,2.711,2.81,2.708,2508.0,300043
406,2011-09-28,2.711,2.552,2.741,2.552,6280.0,300043
407,2011-09-29,2.523,2.508,2.582,2.486,3597.0,300043
408,2011-09-30,2.515,2.526,2.549,2.487,2095.0,300043
409,2011-10-10,2.537,2.508,2.552,2.464,1455.0,300043
410,2011-10-11,2.552,2.506,2.59,2.467,2288.0,300043
411,2011-10-12,2.483,2.629,2.652,2.478,6430.0,300043
412,2011-10-13,2.639,2.672,2.703,2.626,7356.0,300043
413,2011-10-14,2.657,2.641,2.657,2.61,1774.0,300043
414,2011-10-17,2.633,2.676,2.707,2.627,2158.0,300043
415,2011-10-18,2.676,2.648,2.701,2.642,4028.0,300043
416,2011-10-19,2.647,2.565,2.676,2.548,2855.0,300043
417,2011-10-20,2.565,2.59,2.596,2.478,4002.0,300043
418,2011-10-21,2.582,2.576,2.585,2.441,4619.0,300043
419,2011-10-24,2.552,2.542,2.574,2.419,7544.0,300043
420,2011-10-25,2.571,2.633,2.641,2.5,4960.0,300043
421,2012-01-09,2.371,2.371,2.371,2.371,5775.0,300043
422,2012-01-10,2.332,2.405,2.452,2.267,33475.0,300043
423,2012-01-11,2.36,2.287,2.387,2.279,27032.0,300043
424,2012-01-12,2.309,2.191,2.321,2.154,20403.0,300043
425,2012-01-13,2.169,1.972,2.172,1.972,25773.0,300043
426,2012-01-16,1.94,1.788,1.941,1.775,20991.0,300043
427,2012-01-17,1.767,1.859,1.924,1.761,20745.0,300043
428,2012-01-18,1.859,1.747,1.865,1.714,20215.0,300043
429,2012-01-19,1.747,1.775,1.791,1.717,8355.0,300043
430,2012-01-20,1.792,1.813,1.834,1.778,10518.0,300043
431,2012-01-30,1.813,1.82,1.84,1.787,14573.0,300043
432,2012-02-01,1.822,1.865,1.909,1.82,25073.0,300043
433,2012-02-02,1.874,1.921,1.925,1.865,14790.0,300043
434,2012-02-03,1.919,1.984,1.984,1.906,13563.0,300043
435,2012-02-06,2.002,2.006,2.043,1.999,10663.0,300043
436,2012-02-07,1.996,1.964,1.997,1.944,8062.0,300043
437,2012-02-08,1.964,1.996,2.006,1.928,6621.0,300043
438,2012-02-09,2.0,1.989,2.02,1.977,9139.0,300043
439,2012-02-10,1.986,2.008,2.033,1.98,7970.0,300043
440,2012-02-13,1.989,2.027,2.046,1.971,12286.0,300043
441,2012-02-14,2.009,1.977,2.021,1.977,7137.0,300043
442,2012-02-15,1.977,2.027,2.027,1.971,7156.0,300043
443,2012-02-16,2.034,2.025,2.061,2.012,7633.0,300043
444,2012-02-17,2.025,2.021,2.048,2.0,5001.0,300043
445,2012-02-20,2.051,2.098,2.114,2.021,13706.0,300043
446,2012-02-21,2.099,2.11,2.132,2.051,9067.0,300043
447,2012-02-22,2.104,2.139,2.154,2.083,10220.0,300043
448,2012-02-23,2.148,2.158,2.163,2.126,10140.0,300043
449,2012-02-24,2.167,2.236,2.248,2.163,15662.0,300043
450,2012-02-27,2.236,2.195,2.242,2.179,18853.0,300043
451,2012-02-28,2.195,2.133,2.203,2.095,10992.0,300043
452,2012-02-29,2.127,2.093,2.136,2.092,5167.0,300043
453,2012-03-01,2.067,2.083,2.115,2.067,9424.0,300043
454,2012-03-02,2.093,2.136,2.136,2.092,6806.0,300043
455,2012-03-05,2.151,2.113,2.151,2.102,6853.0,300043
456,2012-03-06,2.104,2.067,2.104,2.048,5450.0,300043
457,2012-03-07,2.028,2.036,2.074,2.028,6062.0,300043
458,2012-03-08,2.04,2.121,2.136,2.04,9429.0,300043
459,2012-03-09,2.132,2.191,2.2,2.114,12175.0,300043
460,2012-03-12,2.198,2.182,2.229,2.169,9448.0,300043
461,2012-03-13,2.169,2.173,2.173,2.139,10005.0,300043
462,2012-03-14,2.186,2.124,2.257,2.11,18406.0,300043
463,2012-03-15,2.124,2.095,2.146,1.999,13660.0,300043
464,2012-03-16,2.105,2.211,2.213,2.102,18727.0,300043
465,2012-03-19,2.213,2.335,2.356,2.208,24692.0,300043
466,2012-03-20,2.329,2.323,2.352,2.272,25028.0,300043
467,2012-03-21,2.303,2.378,2.387,2.264,15823.0,300043
468,2012-03-22,2.377,2.394,2.411,2.352,10887.0,300043
469,2012-03-23,2.38,2.359,2.39,2.301,10125.0,300043
470,2012-03-26,2.347,2.328,2.354,2.273,10304.0,300043
471,2012-03-27,2.303,2.276,2.337,2.264,3276.0,300043
472,2012-03-28,2.26,2.124,2.26,2.11,6246.0,300043
473,2012-03-29,2.092,2.095,2.123,2.015,7331.0,300043
474,2012-03-30,2.079,2.132,2.135,2.006,7586.0,300043
475,2012-04-06,2.222,2.154,2.222,2.154,6132.0,300043
476,2012-04-09,2.133,2.183,2.225,2.133,2337.0,300043
477,2012-04-10,2.146,2.157,2.201,2.073,3793.0,300043
478,2012-04-11,2.127,2.158,2.177,2.123,4325.0,300043
479,2012-04-12,2.173,2.276,2.316,2.139,5806.0,300043
480,2012-04-13,2.272,2.292,2.323,2.245,3729.0,300043
481,2012-04-16,2.292,2.279,2.316,2.235,3100.0,300043
482,2012-04-17,2.264,2.253,2.312,2.251,2791.0,300043
483,2012-04-18,2.257,2.3,2.309,2.245,2009.0,300043
484,2012-04-19,2.315,2.298,2.323,2.272,1642.0,300043
485,2012-04-20,2.275,2.337,2.353,2.272,5272.0,300043
486,2012-04-23,2.318,2.273,2.337,2.244,4519.0,300043
487,2012-04-24,2.273,2.346,2.356,2.266,6019.0,300043
488,2012-04-25,2.35,2.365,2.368,2.309,2599.0,300043
489,2012-04-26,2.365,2.394,2.394,2.337,6468.0,300043
490,2012-04-27,2.393,2.493,2.521,2.393,7292.0,300043
491,2012-05-02,2.506,2.505,2.57,2.436,5842.0,300043
492,2012-05-03,2.461,2.478,2.508,2.449,2762.0,300043
493,2012-05-04,2.472,2.478,2.508,2.456,2165.0,300043
494,2012-05-07,2.475,2.498,2.499,2.428,3313.0,300043
495,2012-05-08,2.498,2.476,2.522,2.452,1684.0,300043
496,2012-05-09,2.458,2.419,2.471,2.419,2404.0,300043
497,2012-05-10,2.427,2.357,2.428,2.357,6089.0,300043
498,2012-05-11,2.379,2.346,2.382,2.333,2925.0,300043
499,2012-05-14,2.372,2.379,2.431,2.352,3324.0,300043
500,2012-05-15,2.354,2.395,2.395,2.337,1919.0,300043
501,2012-05-16,2.386,2.389,2.434,2.37,2075.0,300043
502,2012-05-17,2.386,2.459,2.477,2.375,4210.0,300043
503,2012-05-18,2.459,2.447,2.477,2.397,2863.0,300043
504,2012-05-21,2.441,2.406,2.481,2.403,2930.0,300043
505,2012-05-22,2.392,2.45,2.45,2.376,3944.0,300043
506,2012-05-23,2.449,2.465,2.487,2.434,3059.0,300043
507,2012-05-24,2.478,2.434,2.48,2.394,2220.0,300043
508,2012-05-25,2.398,2.428,2.478,2.361,1707.0,300043
509,2012-05-28,2.403,2.435,2.449,2.378,2025.0,300043
510,2012-05-29,2.412,2.458,2.461,2.398,2379.0,300043
511,2012-05-30,2.449,2.432,2.47,2.416,2039.0,300043
512,2012-05-31,2.455,2.461,2.473,2.407,2825.0,300043
513,2012-06-01,2.462,2.419,2.478,2.415,3365.0,300043
514,2012-06-04,2.375,2.302,2.413,2.297,5737.0,300043
515,2012-06-05,2.287,2.275,2.324,2.266,1445.0,300043
516,2012-06-06,2.293,2.268,2.308,2.253,954.0,300043
517,2012-06-07,2.29,2.274,2.32,2.263,715.0,300043
518,2012-06-08,2.274,2.254,2.297,2.25,1588.0,300043
519,2012-06-11,2.277,2.311,2.312,2.226,2042.0,300043
520,2012-06-12,2.296,2.283,2.329,2.245,2784.0,300043
521,2012-06-13,2.26,2.312,2.32,2.226,4621.0,300043
522,2012-06-14,2.289,2.366,2.388,2.289,7672.0,300043
523,2012-06-15,2.366,2.389,2.444,2.349,1771.0,300043
524,2012-06-18,2.431,2.401,2.432,2.367,1916.0,300043
525,2012-06-19,2.425,2.501,2.517,2.403,5765.0,300043
526,2012-06-20,2.498,2.498,2.542,2.467,2385.0,300043
527,2012-06-21,2.476,2.474,2.529,2.412,1847.0,300043
528,2012-06-25,2.467,2.424,2.499,2.409,2147.0,300043
529,2012-06-26,2.424,2.412,2.449,2.376,1448.0,300043
530,2012-06-27,2.407,2.419,2.449,2.382,1952.0,300043
531,2012-06-28,2.375,2.473,2.501,2.375,2202.0,300043
532,2012-06-29,2.508,2.527,2.533,2.458,5132.0,300043
533,2012-07-02,2.553,2.575,2.575,2.505,4888.0,300043
534,2012-07-03,2.575,2.596,2.602,2.51,5539.0,300043
535,2012-07-04,2.597,2.588,2.603,2.547,1386.0,300043
536,2012-07-05,2.59,2.544,2.608,2.533,1636.0,300043
537,2012-07-06,2.585,2.553,2.596,2.523,1636.0,300043
538,2012-07-09,2.523,2.596,2.612,2.523,3195.0,300043
539,2012-07-10,2.611,2.581,2.652,2.539,1207.0,300043
540,2012-07-11,2.568,2.559,2.594,2.523,1882.0,300043
541,2012-07-12,2.545,2.575,2.576,2.517,2769.0,300043
542,2012-07-13,2.573,2.563,2.581,2.523,1134.0,300043
543,2012-07-16,2.568,2.523,2.581,2.474,2374.0,300043
544,2012-07-17,2.492,2.53,2.55,2.473,711.0,300043
545,2012-07-18,2.538,2.529,2.557,2.48,1485.0,300043
546,2012-07-19,2.486,2.541,2.56,2.486,998.0,300043
547,2012-07-20,2.565,2.483,2.565,2.483,1231.0,300043
548,2012-07-23,2.464,2.496,2.522,2.464,1984.0,300043
549,2012-07-24,2.505,2.493,2.524,2.487,3121.0,300043
550,2012-07-25,2.486,2.404,2.493,2.375,2665.0,300043
551,2012-07-26,2.404,2.404,2.427,2.294,6483.0,300043
552,2012-07-27,2.392,2.329,2.434,2.329,1894.0,300043
553,2012-07-30,2.345,2.336,2.389,2.327,313.0,300043
554,2012-07-31,2.37,2.33,2.372,2.3,1580.0,300043
555,2012-08-01,2.302,2.397,2.409,2.3,2303.0,300043
556,2012-08-02,2.367,2.456,2.478,2.364,2983.0,300043
557,2012-08-03,2.483,2.477,2.493,2.419,814.0,300043
558,2012-08-06,2.45,2.499,2.504,2.45,4200.0,300043
559,2012-08-07,2.493,2.501,2.508,2.471,2782.0,300043
560,2012-08-08,2.47,2.474,2.504,2.449,1341.0,300043
561,2012-08-09,2.49,2.483,2.51,2.437,2793.0,300043
562,2012-08-10,2.478,2.446,2.496,2.378,2733.0,300043
563,2012-08-13,2.45,2.456,2.498,2.401,2614.0,300043
564,2012-08-14,2.473,2.419,2.474,2.401,1980.0,300043
565,2012-08-15,2.419,2.352,2.419,2.352,1170.0,300043
566,2012-08-16,2.373,2.34,2.382,2.3,2407.0,300043
567,2012-08-17,2.302,2.315,2.34,2.286,1352.0,300043
568,2012-08-20,2.3,2.315,2.349,2.3,2581.0,300043
569,2012-08-21,2.349,2.403,2.416,2.323,4468.0,300043
570,2012-08-22,2.226,2.43,2.446,2.226,3537.0,300043
571,2012-08-23,2.416,2.446,2.446,2.375,1042.0,300043
572,2012-08-24,2.434,2.409,2.434,2.379,765.0,300043
573,2012-08-27,2.379,2.486,2.493,2.375,6521.0,300043
574,2012-08-28,2.49,2.511,2.527,2.464,3480.0,300043
575,2012-08-29,2.508,2.478,2.538,2.459,3153.0,300043
576,2012-08-30,2.478,2.458,2.493,2.37,2739.0,300043
577,2012-08-31,2.44,2.478,2.489,2.389,3110.0,300043
578,2012-09-03,2.478,2.493,2.498,2.437,4695.0,300043
579,2012-09-04,2.493,2.513,2.519,2.473,3921.0,300043
580,2012-09-05,2.502,2.505,2.536,2.499,1440.0,300043
581,2012-09-06,2.508,2.563,2.581,2.505,3193.0,300043
582,2012-09-07,2.568,2.582,2.619,2.536,3965.0,300043
583,2012-09-10,2.565,2.581,2.59,2.541,5584.0,300043
584,2012-09-11,2.575,2.568,2.578,2.535,2028.0,300043
585,2012-09-12,2.581,2.579,2.581,2.493,6746.0,300043
586,2012-09-13,2.56,2.527,2.566,2.524,2792.0,300043
587,2012-09-14,2.547,2.538,2.565,2.523,1383.0,300043
588,2012-09-17,2.539,2.474,2.548,2.461,2250.0,300043
589,2012-09-18,2.474,2.452,2.523,2.422,3104.0,300043
590,2012-09-19,2.446,2.489,2.507,2.446,1061.0,300043
591,2012-09-20,2.481,2.422,2.481,2.406,2011.0,300043
592,2012-09-21,2.441,2.419,2.478,2.419,3667.0,300043
593,2012-09-24,2.384,2.453,2.568,2.326,3564.0,300043
594,2012-09-25,2.49,2.464,2.49,2.431,421.0,300043
595,2012-09-26,2.435,2.432,2.477,2.345,2039.0,300043
596,2012-09-27,2.404,2.481,2.486,2.404,1414.0,300043
597,2012-09-28,2.481,2.483,2.517,2.441,2769.0,300043
598,2012-10-08,2.467,2.461,2.467,2.407,1101.0,300043
599,2012-10-09,2.461,2.523,2.524,2.456,2215.0,300043
600,2012-10-10,2.519,2.523,2.544,2.48,2475.0,300043
601,2012-10-11,2.511,2.489,2.523,2.473,894.0,300043
602,2012-10-12,2.456,2.486,2.501,2.435,2102.0,300043
603,2012-10-15,2.484,2.437,2.484,2.418,808.0,300043
604,2012-10-16,2.421,2.394,2.449,2.37,2603.0,300043
605,2012-10-17,2.438,2.373,2.441,2.346,1896.0,300043
606,2012-10-18,2.375,2.397,2.413,2.348,2266.0,300043
607,2012-10-19,2.4,2.404,2.415,2.345,3971.0,300043
608,2012-10-22,2.352,2.441,2.441,2.352,3484.0,300043
609,2012-10-23,2.444,2.459,2.47,2.409,2654.0,300043
610,2012-10-24,2.443,2.419,2.476,2.389,2177.0,300043
611,2012-10-25,2.398,2.389,2.43,2.389,2794.0,300043
612,2012-10-26,2.391,2.404,2.406,2.375,4831.0,300043
613,2012-10-29,2.381,2.388,2.419,2.381,1195.0,300043
614,2012-10-30,2.372,2.412,2.415,2.372,895.0,300043
615,2012-10-31,2.394,2.419,2.419,2.394,638.0,300043
616,2012-11-01,2.43,2.458,2.462,2.419,6732.0,300043
617,2012-11-02,2.465,2.464,2.481,2.434,2398.0,300043
618,2012-11-05,2.474,2.459,2.508,2.449,2984.0,300043
619,2012-11-06,2.474,2.504,2.511,2.456,2990.0,300043
620,2012-11-07,2.505,2.524,2.56,2.495,4115.0,300043
621,2012-11-08,2.517,2.486,2.517,2.464,726.0,300043
622,2012-11-09,2.467,2.492,2.492,2.467,728.0,300043
623,2012-11-12,2.504,2.505,2.511,2.486,683.0,300043
624,2012-11-13,2.507,2.464,2.507,2.455,395.0,300043
625,2012-11-14,2.456,2.505,2.507,2.455,708.0,300043
626,2012-11-15,2.489,2.413,2.523,2.413,1944.0,300043
627,2012-11-16,2.397,2.337,2.4,2.318,2761.0,300043
628,2012-11-19,2.308,2.327,2.357,2.3,867.0,300043
629,2012-11-20,2.329,2.318,2.33,2.315,1210.0,300043
630,2012-11-21,2.323,2.372,2.373,2.28,1195.0,300043
631,2012-11-22,2.337,2.357,2.357,2.308,424.0,300043
632,2012-11-23,2.326,2.345,2.345,2.305,995.0,300043
633,2012-11-26,2.308,2.309,2.337,2.3,538.0,300043
634,2012-11-27,2.337,2.226,2.349,2.185,1177.0,300043
635,2012-11-28,2.189,2.211,2.211,2.158,554.0,300043
636,2012-11-29,2.211,2.191,2.247,2.17,273.0,300043
637,2012-11-30,2.219,2.201,2.222,2.18,486.0,300043
638,2012-12-03,2.183,2.167,2.201,2.137,304.0,300043
639,2012-12-04,2.167,2.165,2.192,2.109,901.0,300043
640,2012-12-05,2.139,2.237,2.265,2.124,2752.0,300043
641,2012-12-06,2.232,2.21,2.232,2.17,1005.0,300043
642,2012-12-07,2.21,2.226,2.241,2.164,2994.0,300043
643,2012-12-10,2.234,2.237,2.237,2.185,5941.0,300043
644,2012-12-11,2.219,2.222,2.24,2.211,1491.0,300043
645,2012-12-12,2.199,2.232,2.238,2.198,1074.0,300043
646,2012-12-13,2.219,2.208,2.235,2.198,969.0,300043
647,2012-12-14,2.208,2.272,2.286,2.207,3164.0,300043
648,2012-12-17,2.271,2.278,2.284,2.254,3832.0,300043
649,2012-12-18,2.278,2.278,2.293,2.269,2027.0,300043
650,2012-12-19,2.254,2.28,2.286,2.254,1404.0,300043
651,2012-12-20,2.281,2.269,2.289,2.25,2256.0,300043
652,2012-12-21,2.268,2.259,2.291,2.248,5591.0,300043
653,2012-12-24,2.256,2.271,2.271,2.231,3039.0,300043
654,2012-12-25,2.265,2.326,2.336,2.245,5966.0,300043
655,2012-12-26,2.318,2.373,2.373,2.303,3462.0,300043
656,2012-12-27,2.361,2.367,2.386,2.3,5290.0,300043
657,2012-12-28,2.366,2.437,2.437,2.33,4916.0,300043
658,2012-12-31,2.492,2.441,2.493,2.421,4088.0,300043
659,2013-01-04,2.435,2.373,2.446,2.349,3232.0,300043
660,2013-01-07,2.379,2.373,2.379,2.32,3660.0,300043
661,2013-01-08,2.375,2.372,2.381,2.311,23877.0,300043
662,2013-01-09,2.352,2.372,2.403,2.34,17075.0,300043
663,2013-01-10,2.373,2.375,2.392,2.349,8308.0,300043
664,2013-01-11,2.367,2.369,2.382,2.346,9769.0,300043
665,2013-01-14,2.369,2.447,2.458,2.367,9345.0,300043
666,2013-01-15,2.449,2.452,2.476,2.425,9755.0,300043
667,2013-01-16,2.452,2.434,2.468,2.382,5848.0,300043
668,2013-01-17,2.427,2.382,2.43,2.375,5046.0,300043
669,2013-01-18,2.392,2.401,2.416,2.378,8538.0,300043
670,2013-01-21,2.412,2.47,2.481,2.398,8216.0,300043
671,2013-01-22,2.47,2.461,2.501,2.446,9756.0,300043
672,2013-01-23,2.464,2.569,2.593,2.449,14337.0,300043
673,2013-01-24,2.572,2.513,2.582,2.476,6453.0,300043
674,2013-01-25,2.493,2.585,2.59,2.465,5551.0,300043
675,2013-01-28,2.602,2.606,2.645,2.539,9427.0,300043
676,2013-01-29,2.597,2.609,2.625,2.572,6364.0,300043
677,2013-01-30,2.605,2.652,2.709,2.594,10654.0,300043
678,2013-01-31,2.657,2.612,2.689,2.565,5228.0,300043
679,2013-02-01,2.609,2.588,2.619,2.568,5948.0,300043
680,2013-02-04,2.588,2.566,2.648,2.508,5302.0,300043
681,2013-02-05,2.524,2.569,2.573,2.508,4294.0,300043
682,2013-02-06,2.581,2.581,2.596,2.557,3247.0,300043
683,2013-02-07,2.568,2.584,2.585,2.533,7554.0,300043
684,2013-02-08,2.579,2.609,2.618,2.554,8900.0,300043
685,2013-02-18,2.64,2.597,2.64,2.579,7520.0,300043
686,2013-02-19,2.597,2.624,2.633,2.508,11487.0,300043
687,2013-02-20,2.602,2.683,2.686,2.597,9647.0,300043
688,2013-02-21,2.701,2.649,2.706,2.621,6916.0,300043
689,2013-02-22,2.654,2.617,2.655,2.599,3888.0,300043
690,2013-02-25,2.637,2.633,2.637,2.602,3213.0,300043
691,2013-02-26,2.621,2.594,2.654,2.581,4656.0,300043
692,2013-02-27,2.617,2.524,2.617,2.502,6552.0,300043
693,2013-02-28,2.527,2.591,2.609,2.527,6713.0,300043
694,2013-03-01,2.591,2.612,2.63,2.568,6754.0,300043
695,2013-03-04,2.597,2.654,2.743,2.59,14692.0,300043
696,2013-03-05,2.643,2.885,2.919,2.609,21634.0,300043
697,2013-03-06,2.879,3.062,3.172,2.85,22735.0,300043
698,2013-03-07,3.088,2.983,3.1,2.83,29257.0,300043
699,2013-03-08,2.936,2.872,2.973,2.869,6809.0,300043
700,2013-03-11,2.864,2.879,2.939,2.805,7125.0,300043
701,2013-03-12,2.879,2.759,2.9,2.732,7623.0,300043
702,2013-03-13,2.763,2.812,2.82,2.734,5325.0,300043
703,2013-03-14,2.805,2.802,2.888,2.783,3892.0,300043
704,2013-03-15,2.817,2.894,2.95,2.808,10564.0,300043
705,2013-03-18,2.887,2.928,2.95,2.85,8425.0,300043
706,2013-03-19,2.921,2.915,2.939,2.857,6498.0,300043
707,2013-03-20,2.916,2.993,2.996,2.916,9056.0,300043
708,2013-03-21,2.961,3.013,3.054,2.949,6937.0,300043
709,2013-03-22,3.028,2.98,3.028,2.955,3127.0,300043
710,2013-03-25,2.968,2.968,2.992,2.909,4719.0,300043
711,2013-03-26,2.953,2.903,2.955,2.872,4204.0,300043
712,2013-03-27,2.893,2.934,2.939,2.879,3607.0,300043
713,2013-03-28,2.909,2.827,2.909,2.823,3652.0,300043
714,2013-03-29,2.808,2.86,2.864,2.808,1793.0,300043
715,2013-04-01,2.805,2.805,2.851,2.775,7906.0,300043
716,2013-04-02,2.805,2.688,2.855,2.674,7759.0,300043
717,2013-04-03,2.689,2.665,2.716,2.663,3304.0,300043
718,2013-04-08,2.665,2.67,2.682,2.597,2788.0,300043
719,2013-04-09,2.671,2.697,2.713,2.667,3976.0,300043
720,2013-04-10,2.706,2.53,2.709,2.522,14437.0,300043
721,2013-04-11,2.539,2.498,2.547,2.47,16996.0,300043
722,2013-04-12,2.483,2.507,2.52,2.478,6178.0,300043
723,2013-04-15,2.519,2.493,2.519,2.483,6145.0,300043
724,2013-04-16,2.495,2.541,2.553,2.449,6206.0,300043
725,2013-04-17,2.545,2.545,2.55,2.505,3835.0,300043
726,2013-04-18,2.542,2.573,2.594,2.53,6286.0,300043
727,2013-04-19,2.576,2.642,2.667,2.576,11075.0,300043
728,2013-04-22,2.639,2.654,2.67,2.624,5789.0,300043
729,2013-04-23,2.652,2.544,2.661,2.523,5466.0,300043
730,2013-04-24,2.544,2.609,2.634,2.532,5860.0,300043
731,2013-04-25,2.599,2.642,2.717,2.599,18543.0,300043
732,2013-04-26,2.612,2.679,2.704,2.612,10764.0,300043
733,2013-05-02,2.657,2.75,2.756,2.657,7726.0,300043
734,2013-05-03,2.772,2.757,2.832,2.75,8587.0,300043
735,2013-05-06,2.76,2.845,2.932,2.722,18651.0,300043
736,2013-05-07,2.852,2.794,2.897,2.789,16312.0,300043
737,2013-05-08,2.794,2.87,2.881,2.778,20396.0,300043
738,2013-05-09,2.87,2.923,2.923,2.827,21991.0,300043
739,2013-05-10,2.935,2.908,2.941,2.87,15773.0,300043
740,2013-05-13,2.901,2.843,2.908,2.805,18616.0,300043
741,2013-05-14,2.843,2.796,2.901,2.78,12763.0,300043
742,2013-05-15,2.811,2.832,2.856,2.782,15205.0,300043
743,2013-05-16,2.845,2.827,2.897,2.805,18937.0,300043
744,2013-05-17,2.823,2.959,3.058,2.764,34564.0,300043
745,2013-05-20,2.975,3.038,3.078,2.919,28413.0,300043
746,2013-05-21,3.022,3.156,3.255,2.912,40084.0,300043
747,2013-05-22,3.233,3.194,3.36,3.159,46765.0,300043
748,2013-05-23,3.183,3.121,3.221,3.089,28873.0,300043
749,2013-05-24,3.085,3.179,3.224,3.065,22435.0,300043
750,2013-05-27,3.183,3.154,3.248,3.118,25298.0,300043
751,2013-05-28,3.143,2.979,3.143,2.867,36204.0,300043
752,2013-05-29,2.957,3.058,3.08,2.919,27237.0,300043
753,2013-05-30,3.044,3.065,3.069,3.006,17883.0,300043
754,2013-05-31,3.091,3.002,3.125,3.002,19333.0,300043
755,2013-06-03,3.002,2.858,3.091,2.845,39379.0,300043
756,2013-06-04,2.847,2.771,2.847,2.715,18945.0,300043
757,2013-06-05,2.771,2.791,2.843,2.769,17846.0,300043
758,2013-06-06,2.787,2.666,2.787,2.661,20889.0,300043
759,2013-06-07,2.664,2.639,2.706,2.596,14119.0,300043
760,2013-06-13,2.619,2.599,2.619,2.513,10796.0,300043
761,2013-06-14,2.625,2.697,2.704,2.621,17748.0,300043
762,2013-06-17,2.69,2.729,2.76,2.639,32506.0,300043
763,2013-06-18,2.724,2.733,2.742,2.648,20882.0,300043
764,2013-06-19,2.738,2.755,2.773,2.69,20330.0,300043
765,2013-06-20,2.744,2.561,2.744,2.52,22015.0,300043
766,2013-06-21,2.516,2.466,2.516,2.401,23072.0,300043
767,2013-06-24,2.487,2.352,2.507,2.265,16118.0,300043
768,2013-06-25,2.352,2.33,2.377,2.177,15578.0,300043
769,2013-06-26,2.334,2.375,2.399,2.307,16229.0,300043
770,2013-06-27,2.386,2.319,2.451,2.298,19758.0,300043
771,2013-06-28,2.287,2.384,2.417,2.242,19838.0,300043
772,2013-07-01,2.348,2.41,2.415,2.321,17330.0,300043
773,2013-07-02,2.359,2.419,2.437,2.359,28326.0,300043
774,2013-07-03,2.397,2.377,2.397,2.307,53582.0,300043
775,2013-07-04,2.33,2.312,2.363,2.265,35181.0,300043
776,2013-07-05,2.289,2.283,2.337,2.278,17216.0,300043
777,2013-07-08,2.245,2.113,2.245,2.108,24319.0,300043
778,2013-07-09,2.162,2.148,2.191,2.117,22900.0,300043
779,2013-07-10,2.068,2.193,2.204,2.068,18963.0,300043
780,2013-07-11,2.218,2.269,2.31,2.193,32216.0,300043
781,2013-07-12,2.269,2.381,2.413,2.269,47045.0,300043
782,2013-07-15,2.384,2.457,2.496,2.33,33772.0,300043
783,2013-07-16,2.464,2.415,2.464,2.352,52836.0,300043
784,2013-07-17,2.375,2.314,2.41,2.307,41705.0,300043
785,2013-07-18,2.303,2.375,2.39,2.289,47267.0,300043
786,2013-07-19,2.368,2.191,2.377,2.175,54745.0,300043
787,2013-07-22,2.164,2.254,2.267,2.162,30948.0,300043
788,2013-07-23,2.263,2.39,2.393,2.254,40208.0,300043
789,2013-07-24,2.37,2.511,2.563,2.332,73176.0,300043
790,2013-07-25,2.536,2.471,2.61,2.46,73754.0,300043
791,2013-07-26,2.473,2.583,2.599,2.422,53589.0,300043
792,2013-07-29,2.556,2.637,2.706,2.534,62130.0,300043
793,2013-07-30,2.601,2.796,2.841,2.48,78860.0,300043
794,2013-07-31,2.802,3.013,3.035,2.789,112646.0,300043
795,2013-08-01,2.962,3.15,3.255,2.906,105740.0,300043
796,2013-08-02,3.156,3.138,3.183,3.087,57070.0,300043
797,2013-08-06,3.45,3.226,3.45,3.183,129920.0,300043
798,2013-08-07,3.186,2.984,3.21,2.959,93387.0,300043
799,2013-08-08,3.002,2.977,3.042,2.919,43128.0,300043
800,2013-08-09,3.002,3.002,3.067,2.91,67762.0,300043
801,2013-08-12,2.979,2.897,3.015,2.823,62477.0,300043
802,2013-08-13,2.879,2.941,2.941,2.85,32942.0,300043
803,2013-08-14,2.957,2.923,2.966,2.876,37141.0,300043
804,2013-08-15,2.937,2.932,2.995,2.89,43277.0,300043
805,2013-08-16,2.912,2.807,3.024,2.8,53593.0,300043
806,2013-10-18,3.087,3.087,3.087,3.087,940.0,300043
807,2013-10-21,3.396,3.396,3.396,3.396,2129.0,300043
808,2013-10-22,3.737,3.737,3.737,3.737,4425.0,300043
809,2013-10-23,4.111,4.111,4.111,4.111,7959.0,300043
810,2013-10-24,4.523,4.523,4.523,4.324,265488.0,300043
811,2013-10-25,4.48,4.07,4.635,4.07,236335.0,300043
812,2013-10-28,4.012,4.478,4.478,3.974,165537.0,300043
813,2013-10-29,4.516,4.5,4.702,4.189,239137.0,300043
814,2013-10-30,4.371,4.85,4.951,4.368,210880.0,300043
815,2013-10-31,4.682,4.366,4.758,4.366,175253.0,300043
816,2013-11-01,4.272,4.189,4.402,4.084,98054.0,300043
817,2013-11-04,4.075,4.077,4.288,3.996,82030.0,300043
818,2013-11-05,4.066,4.234,4.274,3.999,89787.0,300043
819,2013-11-06,4.156,4.1,4.453,4.1,119267.0,300043
820,2013-11-07,4.055,4.032,4.194,3.9,88753.0,300043
821,2013-11-08,4.032,4.117,4.236,3.943,77479.0,300043
822,2013-11-11,4.1,4.055,4.133,3.878,68342.0,300043
823,2013-11-12,4.064,4.133,4.203,3.999,60732.0,300043
824,2013-11-13,4.082,4.077,4.33,3.992,67668.0,300043
825,2013-11-14,3.988,4.147,4.189,3.943,60906.0,300043
826,2013-11-15,4.126,4.27,4.436,4.124,80574.0,300043
827,2013-11-18,4.471,4.698,4.698,4.339,153125.0,300043
828,2013-11-19,4.651,4.469,4.861,4.42,137131.0,300043
829,2013-11-20,4.436,4.507,4.592,4.415,78621.0,300043
830,2013-11-21,4.44,4.393,4.539,4.373,67767.0,300043
831,2013-11-22,4.368,4.344,4.489,4.223,68292.0,300043
832,2013-11-25,4.261,4.391,4.409,4.149,58956.0,300043
833,2013-11-26,4.341,4.326,4.438,4.276,43477.0,300043
834,2013-11-27,4.357,4.375,4.478,4.279,56378.0,300043
835,2013-11-28,4.348,4.581,4.76,4.341,83865.0,300043
836,2013-11-29,4.532,4.518,4.657,4.424,75180.0,300043
837,2013-12-02,4.234,4.066,4.234,4.066,76247.0,300043
838,2013-12-03,3.716,3.918,4.021,3.716,69980.0,300043
839,2013-12-04,3.943,3.875,4.064,3.855,62135.0,300043
840,2013-12-05,3.835,3.793,3.934,3.755,33022.0,300043
841,2013-12-06,3.752,3.808,3.826,3.737,25234.0,300043
842,2013-12-09,3.808,3.86,3.862,3.781,27854.0,300043
843,2013-12-10,3.833,3.694,3.869,3.692,40539.0,300043
844,2013-12-11,3.696,3.739,3.77,3.692,28459.0,300043
845,2013-12-12,3.739,3.958,4.077,3.739,75730.0,300043
846,2013-12-13,3.902,3.867,3.954,3.844,36767.0,300043
847,2013-12-16,3.855,3.869,3.999,3.844,34809.0,300043
848,2013-12-17,3.86,3.909,3.934,3.725,44075.0,300043
849,2013-12-18,3.878,3.976,4.032,3.86,38644.0,300043
850,2013-12-19,3.9,3.916,3.99,3.853,17774.0,300043
851,2013-12-20,3.916,3.889,3.974,3.858,17600.0,300043
852,2013-12-23,3.889,3.808,3.923,3.73,19274.0,300043
853,2013-12-24,3.833,3.844,3.934,3.766,13489.0,300043
854,2013-12-25,3.828,3.999,4.023,3.806,33837.0,300043
855,2013-12-26,3.979,3.907,3.999,3.831,24395.0,300043
856,2013-12-27,3.887,3.952,3.965,3.887,22562.0,300043
857,2013-12-30,3.967,4.055,4.064,3.943,33636.0,300043
858,2013-12-31,4.055,3.994,4.138,3.965,32006.0,300043
859,2014-01-02,3.992,4.014,4.026,3.887,21853.0,300043
860,2014-01-03,4.005,4.247,4.301,3.97,62522.0,300043
861,2014-01-06,4.22,4.1,4.225,4.046,29525.0,300043
862,2014-01-07,4.037,4.339,4.498,4.014,67601.0,300043
863,2014-01-08,4.413,4.411,4.532,4.339,58185.0,300043
864,2014-01-09,4.386,4.852,4.852,4.371,82495.0,300043
865,2014-01-10,4.852,5.085,5.197,4.592,143980.0,300043
866,2014-01-13,4.973,5.17,5.309,4.951,102360.0,300043
867,2014-01-14,5.152,5.246,5.285,4.989,79563.0,300043
868,2014-01-15,5.175,5.455,5.621,5.175,73272.0,300043
869,2014-01-23,6.001,6.001,6.001,6.001,2522.0,300043
870,2014-01-24,6.602,6.602,6.602,6.429,123806.0,300043
871,2014-01-27,6.644,6.436,6.832,6.4,117781.0,300043
872,2014-01-28,6.319,6.172,6.492,6.026,82571.0,300043
873,2014-01-29,6.104,6.79,6.79,6.104,61699.0,300043
874,2014-01-30,6.9,7.119,7.469,6.776,76135.0,300043
875,2014-02-07,7.119,7.617,7.697,6.949,69413.0,300043
876,2014-02-10,7.513,8.378,8.378,7.482,76576.0,300043
877,2014-02-11,8.737,8.938,9.073,8.255,84330.0,300043
878,2014-02-12,8.636,8.436,8.685,8.311,48520.0,300043
879,2014-02-13,8.401,7.592,8.62,7.592,79811.0,300043
880,2014-02-14,7.549,7.668,7.852,7.505,66526.0,300043
881,2014-02-17,7.863,8.434,8.434,7.825,67460.0,300043
882,2014-02-18,8.461,8.177,8.916,8.118,67835.0,300043
883,2014-02-19,8.177,8.665,8.819,8.013,66887.0,300043
884,2014-02-20,8.533,8.221,8.535,8.105,33286.0,300043
885,2014-02-21,8.221,7.827,8.398,7.796,43460.0,300043
886,2014-02-24,7.979,8.3,8.479,7.617,51130.0,300043
887,2014-02-25,8.378,7.726,8.699,7.538,57117.0,300043
888,2014-02-26,7.617,7.729,8.038,7.169,45929.0,300043
889,2014-02-27,7.908,7.393,8.188,7.281,43617.0,300043
890,2014-02-28,7.561,7.348,7.639,7.07,48174.0,300043
891,2014-03-03,7.26,7.538,7.583,7.124,42478.0,300043
892,2014-03-04,7.449,7.581,7.771,7.269,32571.0,300043
893,2014-03-05,7.496,7.997,8.13,7.496,36729.0,300043
894,2014-03-06,7.975,7.914,7.997,7.735,25155.0,300043
895,2014-03-07,7.863,8.3,8.625,7.858,40018.0,300043
896,2014-03-10,8.199,7.614,8.199,7.594,28733.0,300043
897,2014-03-11,7.422,7.099,7.724,6.944,26339.0,300043
898,2014-03-12,7.169,7.437,7.612,7.099,27445.0,300043
899,2014-03-13,7.437,8.181,8.181,7.437,32815.0,300043
900,2014-03-14,8.1,8.616,8.802,8.022,51169.0,300043
901,2014-04-09,7.753,7.753,7.995,7.753,46752.0,300043
902,2014-04-10,7.746,8.528,8.528,7.643,61185.0,300043
903,2014-04-11,8.6,8.513,8.938,8.349,67547.0,300043
904,2014-04-14,8.445,7.684,8.636,7.661,65398.0,300043
905,2014-04-15,7.608,7.953,8.009,7.527,41187.0,300043
906,2014-04-16,7.852,7.538,8.031,7.433,34112.0,300043
907,2014-04-17,7.547,7.431,7.72,7.35,21580.0,300043
908,2014-04-18,7.449,7.556,7.641,7.397,18079.0,300043
909,2014-04-21,7.505,7.281,7.556,7.117,24201.0,300043
910,2014-04-22,7.198,7.018,7.608,6.884,37384.0,300043
911,2014-04-23,6.978,6.579,7.113,6.496,50906.0,300043
912,2014-04-24,6.568,6.452,6.631,6.205,55683.0,300043
913,2014-04-25,6.452,6.528,6.649,6.16,39972.0,300043
914,2014-04-28,6.387,6.617,7.012,6.306,50124.0,300043
915,2014-04-29,6.748,6.653,7.139,6.406,104267.0,300043
916,2014-04-30,6.528,7.009,7.215,6.442,99549.0,300043
917,2014-05-05,6.946,7.701,7.71,6.847,144118.0,300043
918,2014-05-06,7.58,7.687,7.944,7.454,136965.0,300043
919,2014-05-07,7.566,7.31,7.643,7.193,99896.0,300043
920,2014-05-08,7.238,7.319,7.521,7.148,51966.0,300043
921,2014-05-09,7.283,6.959,7.328,6.748,66998.0,300043
922,2014-05-12,6.968,7.018,7.112,6.519,72141.0,300043
923,2014-05-13,6.928,6.788,7.229,6.77,74048.0,300043
924,2014-05-14,6.923,7.458,7.467,6.748,110763.0,300043
925,2014-05-15,7.238,7.13,7.463,7.072,89938.0,300043
926,2014-05-16,7.13,7.184,7.53,7.063,77633.0,300043
927,2014-05-19,7.108,6.959,7.229,6.649,70646.0,300043
928,2014-05-20,7.081,7.526,7.656,7.081,154006.0,300043
929,2014-05-21,7.409,7.454,7.526,7.148,92462.0,300043
930,2014-05-22,7.4,7.467,7.732,7.35,96412.0,300043
931,2014-05-23,7.377,7.759,7.822,7.242,78882.0,300043
932,2014-05-26,7.701,8.537,8.537,7.701,198229.0,300043
933,2014-05-27,8.623,8.42,8.623,8.272,114268.0,300043
934,2014-05-28,8.371,8.519,8.609,8.308,117021.0,300043
935,2014-05-29,8.465,8.092,8.533,7.962,102911.0,300043
936,2014-05-30,8.092,8.115,8.281,7.917,72850.0,300043
937,2014-06-03,8.034,8.124,8.317,7.948,72968.0,300043
938,2014-06-04,8.07,7.885,8.083,7.665,81280.0,300043
939,2014-06-05,7.89,8.393,8.497,7.822,112272.0,300043
940,2014-06-06,8.38,8.182,8.398,8.056,78522.0,300043
941,2014-06-09,8.119,7.939,8.133,7.921,49716.0,300043
942,2014-06-10,7.939,8.735,8.735,7.939,199465.0,300043
943,2014-06-11,8.721,8.721,8.784,8.555,144186.0,300043
944,2014-06-12,8.641,8.901,9.337,8.587,178288.0,300043
945,2014-06-13,8.928,9.126,9.441,8.73,130501.0,300043
946,2014-06-16,9.077,8.861,9.077,8.721,122332.0,300043
947,2014-06-17,8.811,8.766,8.856,8.587,84193.0,300043
948,2014-06-18,8.757,8.744,8.834,8.591,54156.0,300043
949,2014-06-19,8.703,8.16,8.739,7.872,138054.0,300043
950,2014-06-20,8.047,8.11,8.222,7.809,58303.0,300043
951,2014-06-23,8.088,8.245,8.339,8.047,47395.0,300043
952,2014-06-24,8.245,8.362,8.407,8.137,39387.0,300043
953,2014-06-25,8.317,8.101,8.407,8.038,42004.0,300043
954,2014-06-26,8.092,8.303,8.384,8.011,49611.0,300043
955,2014-06-27,8.308,8.281,8.605,8.263,54163.0,300043
956,2014-06-30,8.249,8.335,8.398,7.962,68520.0,300043
957,2014-07-01,8.326,8.186,8.402,8.137,50539.0,300043
958,2014-07-02,8.222,8.186,8.29,8.047,68165.0,300043
959,2014-07-03,8.137,8.002,8.182,7.971,66397.0,300043
960,2014-07-04,7.975,8.056,8.115,7.926,50155.0,300043
961,2014-07-07,8.047,8.195,8.195,7.867,68185.0,300043
962,2014-07-08,8.16,8.38,8.452,8.106,101661.0,300043
963,2014-07-09,8.317,8.38,8.677,8.272,96644.0,300043
964,2014-07-10,8.407,8.317,8.497,8.231,62678.0,300043
965,2014-07-11,8.326,8.371,8.474,8.254,37792.0,300043
966,2014-07-14,8.371,7.544,8.447,7.535,176285.0,300043
967,2014-07-15,7.571,7.166,7.571,6.896,164674.0,300043
968,2014-07-16,7.081,6.829,7.099,6.743,122545.0,300043
969,2014-07-17,6.788,6.865,7.04,6.757,81614.0,300043
970,2014-07-18,6.811,6.838,6.946,6.802,41151.0,300043
971,2014-07-21,6.874,6.829,6.968,6.77,52663.0,300043
972,2014-07-22,6.838,6.932,6.991,6.815,48214.0,300043
973,2014-07-23,6.928,6.564,6.982,6.528,76920.0,300043
974,2014-07-24,6.496,6.289,6.636,6.204,95991.0,300043
975,2014-07-25,6.321,6.343,6.46,6.258,71341.0,300043
976,2014-07-28,6.375,6.568,6.64,6.352,70900.0,300043
977,2014-07-29,6.586,6.779,6.806,6.519,93968.0,300043
978,2014-07-30,6.775,6.802,6.829,6.698,47100.0,300043
979,2014-07-31,6.86,6.887,7.04,6.86,68818.0,300043
980,2014-08-01,6.833,6.698,6.923,6.667,53271.0,300043
981,2014-08-04,6.712,6.743,6.775,6.676,40430.0,300043
982,2014-08-05,6.752,6.919,7.027,6.662,62781.0,300043
983,2014-08-06,6.901,6.923,7.027,6.842,54173.0,300043
984,2014-08-07,6.959,6.869,7.013,6.851,47796.0,300043
985,2014-08-08,6.851,6.892,6.946,6.851,31071.0,300043
986,2014-08-11,6.914,6.937,7.004,6.896,53666.0,300043
987,2014-08-12,6.914,6.86,6.968,6.793,66199.0,300043
988,2014-08-13,6.865,6.734,6.865,6.613,59431.0,300043
989,2014-08-14,6.734,6.788,6.82,6.712,68331.0,300043
990,2014-08-15,6.752,6.874,6.91,6.721,66243.0,300043
991,2014-12-23,6.968,7.274,7.562,6.874,294678.0,300043
992,2014-12-24,7.373,6.748,7.44,6.609,191369.0,300043
993,2014-12-25,6.761,6.941,7.135,6.761,118716.0,300043
994,2014-12-26,6.878,6.694,6.878,6.653,116930.0,300043
995,2014-12-29,6.653,6.334,6.653,6.226,114061.0,300043
996,2014-12-30,6.298,5.84,6.307,5.718,114668.0,300043
997,2014-12-31,5.795,5.903,6.042,5.642,70933.0,300043
998,2015-01-05,5.889,5.7,5.889,5.642,86752.0,300043
999,2015-01-06,5.732,6.168,6.213,5.664,138242.0,300043
1000,2015-01-07,6.653,6.784,6.784,6.523,243617.0,300043
1001,2015-01-08,6.734,6.937,7.179,6.618,199674.0,300043
1002,2015-01-09,7.103,7.539,7.629,7.049,323495.0,300043
1003,2015-01-12,7.499,7.638,7.957,7.287,305423.0,300043
1004,2015-01-13,7.656,7.611,7.75,7.44,189161.0,300043
1005,2015-01-14,7.589,7.998,8.079,7.499,245341.0,300043
1006,2015-01-15,7.881,7.584,8.038,7.535,229055.0,300043
1007,2015-01-16,7.467,7.732,7.944,7.467,203659.0,300043
1008,2015-01-19,7.508,7.656,8.065,7.467,260347.0,300043
1009,2015-01-20,7.777,8.42,8.42,7.643,351628.0,300043
1010,2015-01-21,8.537,8.654,8.919,8.447,353022.0,300043
1011,2015-01-22,8.609,8.659,8.834,8.551,186323.0,300043
1012,2015-01-23,8.587,8.299,8.735,8.218,214012.0,300043
1013,2015-01-26,8.29,8.398,8.479,8.249,113574.0,300043
1014,2015-01-27,8.339,8.33,8.443,8.142,137454.0,300043
1015,2015-01-28,8.227,8.025,8.249,7.948,162299.0,300043
1016,2015-01-29,7.867,7.822,8.02,7.786,112486.0,300043
1017,2015-01-30,7.845,7.741,8.043,7.728,129411.0,300043
1018,2015-02-02,7.629,7.831,7.939,7.557,93238.0,300043
1019,2015-02-03,7.827,8.092,8.245,7.791,161959.0,300043
1020,2015-02-04,8.043,7.849,8.115,7.836,124473.0,300043
1021,2015-02-05,7.881,8.034,8.249,7.818,181337.0,300043
1022,2015-02-06,8.043,8.043,8.209,7.867,154984.0,300043
1023,2015-02-09,8.07,7.678,8.267,7.665,154310.0,300043
1024,2015-02-10,7.665,7.876,7.944,7.598,109763.0,300043
1025,2015-02-11,7.849,7.885,7.998,7.827,80860.0,300043
1026,2015-02-12,7.867,8.42,8.632,7.867,236983.0,300043
1027,2015-02-13,8.452,8.578,8.618,8.281,214736.0,300043
1028,2015-02-16,8.721,9.054,9.167,8.681,290487.0,300043
1029,2015-02-17,9.027,8.802,9.032,8.703,159055.0,300043
1030,2015-02-25,8.802,8.555,8.834,8.497,127791.0,300043
1031,2015-02-26,8.555,8.712,8.717,8.411,138899.0,300043
1032,2015-02-27,8.645,8.825,8.978,8.542,177262.0,300043
1033,2015-03-02,8.879,9.0,9.171,8.802,219506.0,300043
1034,2015-03-03,8.915,9.328,9.886,8.87,333495.0,300043
1035,2015-03-04,9.382,9.895,9.989,9.225,331479.0,300043
1036,2015-03-05,10.025,9.693,10.102,9.567,229491.0,300043
1037,2015-03-06,9.625,9.198,9.791,9.149,206570.0,300043
1038,2015-03-09,9.122,10.12,10.12,9.023,324642.0,300043
1039,2015-03-10,10.165,10.776,10.983,10.093,401102.0,300043
1040,2015-03-11,10.61,10.655,11.122,10.403,302134.0,300043
1041,2015-03-12,10.52,10.295,10.789,9.976,212875.0,300043
1042,2015-03-13,10.385,11.324,11.324,10.106,253217.0,300043
1043,2015-03-16,11.644,11.913,12.273,11.441,353647.0,300043
1044,2015-03-17,12.084,11.747,12.089,11.491,288371.0,300043
1045,2015-03-18,11.725,12.92,12.92,11.554,293928.0,300043
1046,2015-03-19,12.857,13.064,13.082,12.538,283262.0,300043
1047,2015-03-20,13.329,13.208,14.071,13.064,289116.0,300043
1048,2015-03-23,13.32,14.085,14.206,12.902,273371.0,300043
1049,2015-03-24,13.936,13.873,14.206,12.97,344352.0,300043
1050,2015-03-25,13.712,14.062,14.521,13.361,303015.0,300043
1051,2015-03-26,13.739,12.799,14.206,12.682,289627.0,300043
1052,2015-03-27,12.857,13.24,13.424,12.857,169915.62,300043
1053,2015-03-30,13.123,12.619,13.482,12.426,244430.0,300043
1054,2015-03-31,12.588,12.853,13.136,12.588,195986.0,300043
1055,2015-04-01,12.893,14.139,14.139,12.893,265969.0,300043
1056,2015-04-02,14.768,14.656,14.916,14.134,355281.0,300043
1057,2015-04-03,14.503,15.735,16.094,14.39,332413.0,300043
1058,2015-04-07,15.514,16.036,16.413,15.514,253621.0,300043
1059,2015-04-08,16.094,15.685,16.184,14.781,263977.0,300043
1060,2015-04-09,15.487,15.744,15.815,14.386,242640.0,300043
1061,2015-04-10,15.514,16.912,17.317,15.483,264375.0,300043
1062,2015-04-13,16.84,16.544,17.29,16.364,290220.0,300043
1063,2015-04-14,16.634,15.73,16.634,15.649,230175.0,300043
1064,2015-04-15,15.51,14.157,15.51,14.157,314918.0,300043
1065,2015-04-16,13.491,13.725,14.422,13.298,279013.0,300043
1066,2015-04-17,13.932,13.487,14.184,13.406,259675.0,300043
1067,2015-04-20,13.442,13.599,13.622,12.857,231523.0,300043
1068,2015-04-21,13.383,14.332,14.611,13.32,259933.0,300043
1069,2015-04-22,14.656,14.494,15.24,14.476,265607.0,300043
1070,2015-04-23,14.381,15.42,15.429,14.296,284765.0,300043
1071,2015-04-24,15.105,14.826,15.352,14.395,277689.0,300043
1072,2015-04-27,14.669,14.359,15.218,14.17,239549.0,300043
1073,2015-04-28,14.469,13.397,14.777,13.358,439217.0,300043
1074,2015-04-29,13.397,13.844,14.152,13.06,366175.0,300043
1075,2015-04-30,14.191,14.886,15.233,13.745,769264.0,300043
1076,2015-05-04,14.856,14.866,15.085,14.142,534422.0,300043
1077,2015-05-05,14.985,14.489,15.164,14.092,405639.0,300043
1078,2015-05-06,14.39,15.085,15.878,14.39,799629.0,300043
1079,2015-05-07,15.055,15.184,15.779,14.866,609599.0,300043
1080,2015-05-08,15.571,16.702,16.702,15.382,1071678.0,300043
1081,2015-05-11,17.238,18.369,18.369,16.871,939366.0,300043
1082,2015-05-12,19.203,18.766,19.65,17.873,1042688.0,300043
1083,2015-05-13,18.111,18.419,19.352,17.387,762904.0,300043
1084,2015-05-14,18.072,17.774,18.677,17.704,558632.0,300043
1085,2015-05-15,17.387,17.913,18.31,17.099,515933.0,300043
1086,2015-05-18,18.27,18.141,18.816,18.042,535137.0,300043
1087,2015-05-19,17.883,17.943,18.161,17.417,507246.0,300043
1088,2015-05-20,17.863,18.885,19.64,17.863,805342.0,300043
1089,2015-05-21,18.756,19.947,20.245,18.538,676151.0,300043
1090,2015-05-22,20.424,19.104,20.612,18.856,734797.0,300043
1091,2015-05-25,18.558,18.657,18.806,17.754,538209.0,300043
1092,2015-05-26,18.657,19.253,19.352,18.657,546468.0,300043
1093,2015-05-27,19.292,18.598,19.352,18.359,605738.0,300043
1094,2015-05-28,18.538,16.96,19.054,16.871,572368.0,300043
1095,2015-05-29,16.96,17.04,17.546,15.918,458613.0,300043
1096,2015-06-01,17.089,18.24,18.508,17.089,455653.0,300043
1097,2015-06-02,18.657,18.995,19.153,18.121,622488.0,300043
1098,2015-06-03,18.995,19.263,19.828,18.459,715840.0,300043
1099,2015-06-04,19.253,18.29,19.263,17.377,535915.0,300043
1100,2015-06-05,18.746,18.627,19.134,18.121,531161.0,300043
1101,2015-06-08,18.617,17.843,18.627,17.367,435239.0,300043
1102,2015-06-09,17.526,17.605,18.092,17.367,354086.0,300043
1103,2015-06-10,17.566,19.362,19.362,17.377,909022.0,300043
1104,2015-06-11,19.332,19.58,20.205,19.163,912735.0,300043
1105,2015-06-12,19.6,21.535,21.535,19.6,1023959.0,300043
1106,2015-06-15,21.833,21.624,22.905,20.364,1135210.0,300043
1107,2015-06-16,20.84,22.22,22.825,19.669,914675.0,300043
1108,2015-06-17,21.813,23.52,23.659,21.585,974873.0,300043
1109,2015-06-18,23.222,21.168,23.669,21.168,683190.0,300043
1110,2015-06-19,20.066,19.054,20.721,19.054,565843.0,300043
1111,2015-06-23,18.459,18.34,19.044,17.149,519696.0,300043
1112,2015-06-24,18.647,18.459,19.153,17.714,462401.0,300043
1113,2015-06-25,18.488,16.791,18.985,16.613,514898.0,300043
1114,2015-06-26,15.888,15.114,15.968,15.114,384514.0,300043
1115,2015-06-29,15.382,13.606,15.382,13.606,539919.0,300043
1116,2015-06-30,12.862,14.896,14.916,12.246,595913.0,300043
1117,2015-07-01,14.469,13.894,15.878,13.665,640242.0,300043
1118,2015-07-02,13.556,12.594,14.439,12.584,520301.0,300043
1119,2015-07-03,11.919,12.584,13.546,11.333,563757.0,300043
1120,2015-07-06,13.844,12.901,13.844,11.403,609002.0,300043
1121,2015-07-20,14.191,14.191,14.191,14.191,8165.0,300043
1122,2015-07-21,15.611,15.611,15.611,15.611,46520.0,300043
1123,2015-07-22,16.623,16.563,17.069,15.948,799558.0,300043
1124,2015-07-23,16.861,17.417,17.824,16.176,656617.0,300043
1125,2015-07-24,17.119,16.524,17.486,16.335,568673.0,300043
1126,2015-07-27,16.117,15.065,17.397,14.995,678971.0,300043
1127,2015-07-28,14.628,15.789,16.375,14.052,666879.0,300043
1128,2015-07-29,15.878,16.563,16.772,14.965,466237.0,300043
1129,2015-07-30,16.424,15.362,16.672,15.263,354790.0,300043
1130,2015-07-31,15.184,15.63,15.859,15.055,279115.0,300043
1131,2015-08-03,15.184,14.588,15.571,14.072,380398.0,300043
1132,2015-08-04,14.539,15.63,15.68,14.519,290302.0,300043
1133,2015-08-05,15.392,14.836,15.561,14.668,275895.0,300043
1134,2015-08-06,14.36,14.31,14.727,14.191,178437.0,300043
1135,2015-08-07,14.489,14.737,15.134,14.469,226862.0,300043
1136,2015-08-10,14.975,16.027,16.216,14.866,424367.0,300043
1137,2015-08-11,15.978,15.928,16.474,15.462,436821.0,300043
1138,2015-08-12,15.531,15.442,16.037,15.333,223583.0,300043
1139,2015-08-13,15.382,15.749,15.799,15.184,224479.0,300043
1140,2015-08-14,16.146,15.898,16.543,15.789,374888.0,300043
1141,2015-08-17,15.68,16.077,16.156,15.491,216427.0,300043
1142,2015-08-18,16.136,15.055,16.99,14.588,516860.0,300043
1143,2015-08-19,14.4,16.127,16.127,14.043,373885.0,300043
1144,2015-08-20,15.779,16.236,16.871,15.66,442077.0,300043
1145,2015-08-21,15.888,14.717,16.176,14.608,304538.0,300043
1146,2015-08-24,13.993,13.249,13.993,13.249,291918.0,300043
1147,2015-08-25,12.117,11.929,12.544,11.929,215988.0,300043
1148,2015-08-26,11.929,10.738,12.425,10.738,362807.0,300043
1149,2015-08-27,11.045,11.353,11.8,10.42,261491.0,300043
1150,2015-08-28,11.73,12.216,12.296,11.413,294183.0,300043
1151,2015-08-31,12.068,11.383,12.346,11.373,195330.0,300043
1152,2015-09-01,11.165,10.44,12.207,10.271,284682.0,300043
1153,2015-09-02,9.874,11.006,11.105,9.626,346620.0,300043
1154,2015-09-07,11.026,11.393,11.859,11.026,194680.0,300043
1155,2015-09-08,11.413,11.869,11.968,10.817,203190.0,300043
1156,2015-09-09,11.909,12.246,12.494,11.72,255459.0,300043
1157,2015-09-10,11.939,12.018,12.713,11.919,242414.0,300043
1158,2015-09-11,11.978,12.187,12.445,11.968,148133.0,300043
1159,2015-09-14,12.296,10.966,12.415,10.966,158569.0,300043
1160,2015-09-15,10.47,9.874,10.897,9.874,153656.0,300043
1161,2015-09-16,9.944,10.867,10.867,9.934,158420.0,300043
1162,2015-09-17,10.907,10.668,11.452,10.519,215578.0,300043
1163,2015-09-18,10.847,10.897,11.045,10.47,121255.0,300043
1164,2015-09-21,10.619,11.859,11.899,10.5,214859.0,300043
1165,2015-09-22,11.919,12.087,12.465,11.909,219916.0,300043
1166,2015-09-23,11.909,12.594,12.852,11.77,257167.0,300043
1167,2015-09-24,12.554,12.703,12.991,12.365,148805.0,300043
1168,2015-09-25,12.713,12.207,13.189,11.909,158721.0,300043
1169,2015-09-28,12.306,13.427,13.427,12.207,270918.0,300043
1170,2015-09-29,13.08,14.142,14.568,12.991,418822.0,300043
1171,2015-09-30,13.993,13.884,14.39,13.397,175039.0,300043
1172,2015-10-08,14.291,14.043,14.995,13.894,316202.0,300043
1173,2015-10-09,14.043,14.539,14.876,13.913,247811.0,300043
1174,2015-10-12,14.529,15.452,15.998,14.4,298724.0,300043
1175,2015-10-13,15.462,15.531,16.375,15.283,242042.0,300043
1176,2015-10-14,15.481,15.085,15.73,14.975,218301.0,300043
1177,2015-10-15,15.243,16.166,16.226,14.985,253380.0,300043
1178,2015-10-16,16.345,16.414,16.573,15.74,264375.0,300043
1179,2015-10-19,16.672,18.052,18.052,16.662,398237.0,300043
1180,2015-10-20,18.627,17.695,18.657,17.248,472926.0,300043
1181,2015-10-21,17.853,15.928,18.002,15.928,436452.0,300043
1182,2015-11-03,17.526,17.526,17.526,17.069,487090.0,300043
1183,2015-11-04,17.446,17.724,17.824,16.047,905827.0,300043
1184,2015-11-05,17.337,16.96,17.536,16.593,588684.0,300043
1185,2015-11-06,17.02,17.119,17.437,16.782,518081.0,300043
1186,2015-11-09,16.623,16.901,17.417,16.156,558317.0,300043
1187,2015-11-10,16.772,18.588,18.588,16.623,984250.0,300043
1188,2015-11-11,18.935,19.511,19.848,17.774,940068.0,300043
1189,2015-11-12,19.084,18.856,19.253,18.608,495748.0,300043
1190,2015-11-13,18.459,18.221,19.233,18.062,312667.0,300043
1191,2015-11-16,17.665,19.213,19.511,17.566,381069.0,300043
1192,2015-11-17,19.213,17.943,19.709,17.873,486405.0,300043
1193,2015-11-18,17.972,16.861,18.111,16.752,436221.0,300043
1194,2015-11-19,16.782,17.218,17.367,16.385,357743.0,300043
1195,2015-11-20,17.119,17.317,17.665,17.03,342932.0,300043
1196,2015-11-23,17.685,16.97,18.052,16.752,367345.0,300043
1197,2015-11-24,16.871,17.089,17.149,16.394,303375.0,300043
1198,2015-11-25,17.099,17.605,17.843,16.851,355589.0,300043
1199,2015-11-26,17.923,16.93,18.082,16.722,413868.0,300043
1200,2015-11-27,16.692,15.303,16.851,15.233,457101.0,300043
1201,2015-11-30,15.313,14.936,15.472,13.894,340125.0,300043
1202,2015-12-01,14.886,14.946,15.491,14.588,259474.0,300043
1203,2015-12-02,14.836,14.539,15.075,13.953,261900.0,300043
1204,2015-12-03,14.598,15.452,15.501,14.549,349755.0,300043
1205,2015-12-04,15.343,15.412,15.918,15.184,342107.0,300043
1206,2015-12-07,15.253,15.869,16.236,15.134,333415.0,300043
1207,2015-12-08,15.69,15.114,15.73,15.085,243059.0,300043
1208,2015-12-09,14.985,14.886,15.233,14.767,169831.0,300043
1209,2015-12-10,14.886,15.144,15.432,14.886,243847.0,300043
1210,2015-12-11,15.085,14.876,15.134,14.787,141863.0,300043
1211,2015-12-14,14.578,15.491,15.521,14.549,189595.0,300043
1212,2015-12-15,15.462,15.72,16.047,15.372,230815.0,300043
1213,2015-12-16,15.878,15.68,16.146,15.531,181030.0,300043
1214,2016-06-20,14.112,14.112,14.112,14.112,43207.0,300043
1215,2016-06-21,13.04,12.871,13.467,12.703,885333.0,300043
1216,2016-06-22,12.723,13.06,13.13,12.554,301843.0,300043
1217,2016-06-23,13.04,12.832,13.05,12.713,190610.0,300043
1218,2016-06-24,12.901,12.862,13.06,12.137,213346.0,300043
1219,2016-06-27,12.822,13.07,13.12,12.703,204028.0,300043
1220,2016-06-28,13.0,13.149,13.199,12.852,247575.0,300043
1221,2016-06-29,13.209,13.378,13.497,13.13,233211.0,300043
1222,2016-06-30,13.477,14.062,14.39,13.397,343606.0,300043
1223,2016-07-01,14.092,13.904,14.191,13.705,204147.0,300043
1224,2016-07-04,13.775,14.013,14.082,13.675,214116.0,300043
1225,2016-07-05,14.003,13.844,14.033,13.775,158155.0,300043
1226,2016-07-06,13.745,13.854,13.993,13.616,152939.0,300043
1227,2016-07-07,13.794,13.705,13.933,13.626,133016.0,300043
1228,2016-07-08,13.675,13.695,13.864,13.497,128096.0,300043
1229,2016-07-11,13.705,13.586,13.953,13.566,136093.0,300043
1230,2016-07-12,13.566,13.507,13.675,13.13,173432.0,300043
1231,2016-07-13,13.596,14.38,14.658,13.517,408072.0,300043
1232,2016-07-14,14.38,14.32,14.489,14.013,267540.0,300043
1233,2016-07-15,14.34,14.191,14.519,14.132,154992.0,300043
1234,2016-07-18,14.142,14.013,14.32,13.943,132982.0,300043
1235,2016-07-19,14.092,14.43,14.469,14.003,204802.0,300043
1236,2016-07-20,14.479,14.172,14.578,14.172,181957.0,300043
1237,2016-07-21,14.191,14.092,14.31,14.062,149391.0,300043
1238,2016-07-22,14.142,14.122,14.211,14.033,113920.0,300043
1239,2016-07-25,14.102,14.172,14.271,14.043,100178.0,300043
1240,2016-07-26,14.181,14.221,14.251,14.043,126117.0,300043
1241,2016-07-27,14.281,13.249,14.31,13.01,222506.0,300043
1242,2016-07-28,13.199,13.03,13.358,12.713,152196.0,300043
1243,2016-07-29,13.06,12.951,13.139,12.782,75095.0,300043
1244,2016-08-01,12.862,12.901,13.02,12.594,82003.0,300043
1245,2016-08-02,12.911,12.991,13.02,12.812,63874.0,300043
1246,2016-08-03,13.05,12.941,13.05,12.901,64997.0,300043
1247,2016-08-04,12.961,12.961,13.04,12.742,80631.0,300043
1248,2016-08-05,12.961,12.812,13.0,12.812,65056.0,300043
1249,2016-08-08,12.832,12.862,12.862,12.604,67197.0,300043
1250,2016-08-09,12.901,13.1,13.139,12.862,90869.0,300043
1251,2016-08-10,13.12,13.01,13.169,13.01,73284.0,300043
1252,2016-08-11,13.02,12.762,13.08,12.752,70133.0,300043
1253,2016-08-12,12.723,12.881,12.891,12.713,63375.0,300043
1254,2016-08-15,13.0,13.239,13.397,12.981,152591.0,300043
1255,2016-08-16,13.239,13.209,13.388,13.179,108716.0,300043
1256,2016-08-17,13.249,13.159,13.278,13.11,87753.0,300043
1257,2016-08-18,13.169,13.278,13.388,13.13,133622.0,300043
1258,2016-08-19,13.259,13.169,13.318,13.149,86573.0,300043
1259,2016-08-22,13.169,12.812,13.219,12.802,110822.0,300043
1260,2016-08-23,12.752,12.862,12.961,12.752,57850.0,300043
1261,2016-08-24,12.852,12.881,12.971,12.802,72988.0,300043
1262,2016-08-25,12.842,12.733,12.862,12.663,79853.0,300043
1263,2016-08-26,12.792,12.901,13.03,12.792,92059.0,300043
1264,2016-08-29,13.02,13.09,13.338,13.0,115476.0,300043
1265,2016-08-30,13.06,12.961,13.159,12.921,75662.0,300043
1266,2016-08-31,13.07,13.169,13.249,13.05,141058.0,300043
1267,2016-09-01,13.199,12.911,13.199,12.901,95545.0,300043
1268,2016-09-02,12.891,12.852,12.971,12.742,64373.0,300043
1269,2016-09-05,12.842,12.772,12.941,12.703,51929.0,300043
1270,2016-09-06,12.842,12.921,12.971,12.604,93257.0,300043
1271,2016-09-07,12.852,12.812,13.04,12.812,87237.0,300043
1272,2016-09-08,12.822,12.742,12.871,12.703,71251.0,300043
1273,2016-09-09,12.762,12.733,12.871,12.723,69689.0,300043
1274,2016-09-12,12.604,12.207,12.604,12.207,96299.0,300043
1275,2016-09-13,12.375,12.226,12.385,12.117,54556.0,300043
1276,2016-09-14,12.216,11.978,12.216,11.929,76011.0,300043
1277,2016-09-19,11.988,12.147,12.197,11.988,49248.0,300043
1278,2016-09-20,12.167,12.097,12.167,12.018,40876.0,300043
1279,2016-09-21,12.117,12.068,12.147,12.058,32719.0,300043
1280,2016-09-22,12.127,12.058,12.226,12.008,60616.0,300043
1281,2016-09-23,12.068,12.028,12.117,11.988,46353.0,300043
1282,2016-09-26,11.998,11.591,11.998,11.512,81822.0,300043
1283,2016-09-27,11.502,11.641,11.651,11.353,63556.0,300043
1284,2016-09-28,11.641,11.512,11.691,11.462,42817.0,300043
1285,2016-09-29,11.552,11.522,11.631,11.512,37002.0,300043
1286,2016-09-30,11.502,11.581,11.611,11.472,37359.0,300043
1287,2016-10-10,11.681,12.008,12.058,11.601,82803.0,300043
1288,2016-10-11,11.919,11.988,12.028,11.879,55003.0,300043
1289,2016-10-12,11.909,11.949,11.998,11.899,35034.0,300043
1290,2016-10-13,11.949,11.839,11.988,11.82,43647.0,300043
1291,2016-10-14,11.839,11.81,11.839,11.71,48912.0,300043
1292,2016-10-17,11.839,11.949,12.157,11.839,103610.0,300043
1293,2016-10-18,11.909,12.058,12.078,11.82,77577.0,300043
1294,2016-10-19,12.107,11.978,12.107,11.929,56854.0,300043
1295,2016-10-20,11.978,12.058,12.078,11.939,54305.0,300043
1296,2016-10-21,12.058,11.909,12.068,11.869,64592.0,300043
1297,2016-10-24,11.869,11.958,11.998,11.869,52225.0,300043
1298,2016-10-25,11.998,11.968,12.008,11.919,54385.0,300043
1299,2016-10-26,11.929,11.81,11.968,11.77,70943.0,300043
1300,2016-10-27,11.8,11.78,11.829,11.72,51466.0,300043
1301,2016-10-28,11.79,11.621,11.839,11.591,64066.0,300043
1302,2016-10-31,11.661,11.77,11.78,11.502,68632.0,300043
1303,2016-11-01,11.78,11.78,11.839,11.661,56748.0,300043
1304,2016-11-02,11.74,11.591,11.77,11.552,61618.0,300043
1305,2016-11-03,11.522,11.621,11.76,11.512,79681.0,300043
1306,2016-11-04,11.72,12.336,12.484,11.7,354806.0,300043
1307,2016-11-07,12.256,12.097,12.355,12.008,200855.0,300043
1308,2016-11-08,12.117,12.197,12.336,12.028,151427.0,300043
1309,2016-11-09,12.207,12.494,12.871,12.157,342096.0,300043
1310,2016-11-10,12.604,12.574,12.782,12.465,163437.0,300043
1311,2016-11-11,12.653,12.355,12.653,12.306,173245.0,300043
1312,2016-11-14,12.385,12.355,12.554,12.187,131615.0,300043
1313,2016-11-15,12.355,12.455,12.475,12.097,193705.0,300043
1314,2016-11-16,12.455,12.524,12.752,12.455,222165.0,300043
1315,2016-11-17,12.524,12.296,12.524,12.246,133901.0,300043
1316,2016-11-18,12.296,12.207,12.375,12.167,76385.0,300043
1317,2016-11-21,12.197,12.256,12.346,12.187,65703.0,300043
1318,2016-11-22,12.296,12.355,12.375,12.197,80161.0,300043
1319,2016-11-23,12.475,12.216,12.494,12.167,118622.0,300043
1320,2016-11-24,12.226,12.197,12.346,12.167,72058.0,300043
1321,2016-11-25,12.127,11.869,12.127,11.621,158453.0,300043
1322,2016-11-28,11.939,11.8,11.939,11.74,86604.0,300043
1323,2016-11-29,11.77,11.79,11.939,11.75,79086.0,300043
1324,2016-11-30,11.76,11.81,11.978,11.7,79734.0,300043
1325,2016-12-01,11.909,11.81,11.919,11.72,65759.0,300043
1326,2016-12-02,11.81,11.562,11.849,11.542,82843.0,300043
1327,2016-12-05,11.462,11.502,11.671,11.413,54823.0,300043
1328,2016-12-06,11.562,11.482,11.591,11.432,45896.0,300043
1329,2016-12-07,11.482,11.562,11.562,11.432,38253.0,300043
1330,2016-12-08,11.601,11.462,11.601,11.452,34624.0,300043
1331,2016-12-09,11.442,11.413,11.502,11.353,50871.0,300043
1332,2016-12-12,11.403,10.341,11.403,10.271,140941.0,300043
1333,2016-12-13,10.281,10.4,10.5,10.182,72479.0,300043
1334,2016-12-14,10.4,10.252,10.41,10.212,56839.0,300043
1335,2016-12-15,10.242,10.331,10.45,10.192,60743.0,300043
1336,2016-12-16,10.361,10.48,10.529,10.291,60680.0,300043
1337,2016-12-19,10.51,10.361,10.539,10.321,41631.0,300043
1338,2016-12-20,10.361,10.42,10.5,10.311,51741.0,300043
1339,2016-12-21,10.47,10.44,10.49,10.351,53976.0,300043
1340,2016-12-22,10.42,10.43,10.47,10.351,37190.0,300043
1341,2016-12-23,10.381,10.361,10.519,10.341,49736.0,300043
1342,2016-12-26,10.252,10.232,10.301,9.924,79809.0,300043
1343,2016-12-27,10.252,10.093,10.291,10.073,76860.0,300043
1344,2016-12-28,10.142,10.033,10.152,10.003,50591.0,300043
1345,2016-12-29,10.053,10.043,10.182,9.954,54691.0,300043
1346,2016-12-30,10.083,10.063,10.113,9.974,53855.0,300043
1347,2017-01-03,10.073,10.172,10.252,10.073,76497.0,300043
1348,2017-01-04,10.182,10.41,10.48,10.132,102789.0,300043
1349,2017-01-05,10.351,10.321,10.43,10.301,52744.0,300043
1350,2017-01-06,10.311,10.232,10.41,10.232,44136.0,300043
1351,2017-01-09,10.252,10.103,10.252,9.984,78567.0,300043
1352,2017-01-10,10.103,10.093,10.162,10.053,39326.0,300043
1353,2017-01-11,10.043,9.884,10.093,9.874,106798.0,300043
1354,2017-01-12,9.874,9.735,9.924,9.726,97089.0,300043
1355,2017-01-13,9.726,9.686,9.775,9.646,76145.0,300043
1356,2017-01-16,9.696,9.13,9.706,8.842,96850.0,300043
1357,2017-01-17,9.1,9.249,9.358,8.922,88117.0,300043
1358,2017-01-18,9.229,9.1,9.239,9.031,52018.0,300043
1359,2017-01-19,9.051,9.09,9.18,9.001,38973.0,300043
1360,2017-01-20,9.061,9.279,9.388,9.061,82585.0,300043
1361,2017-01-23,9.269,9.339,9.438,9.269,51862.0,300043
1362,2017-01-24,9.339,9.309,9.339,9.229,38344.0,300043
1363,2017-01-25,9.229,9.339,9.388,9.219,32965.0,300043
1364,2017-01-26,9.398,9.805,10.113,9.398,114104.0,300043
1365,2017-02-03,9.726,9.587,9.874,9.537,61822.0,300043
1366,2017-02-06,9.547,9.646,9.676,9.507,57737.0,300043
1367,2017-02-07,9.646,9.567,9.696,9.517,67578.0,300043
1368,2017-02-08,9.587,9.716,9.775,9.418,97470.0,300043
1369,2017-02-09,9.676,9.775,9.775,9.656,78291.0,300043
1370,2017-02-10,9.765,9.636,9.765,9.626,62711.0,300043
1371,2017-02-13,9.636,9.686,9.745,9.547,65601.0,300043
1372,2017-02-14,9.696,9.597,9.716,9.537,49971.0,300043
1373,2017-02-15,9.646,9.388,9.666,9.368,54550.0,300043
1374,2017-02-16,9.378,9.468,9.527,9.358,52458.0,300043
1375,2017-02-17,9.468,9.686,9.805,9.448,131035.0,300043
1376,2017-02-20,9.676,9.765,9.785,9.557,101629.0,300043
1377,2017-02-21,9.735,9.934,10.063,9.696,141805.0,300043
1378,2017-02-22,9.904,9.894,9.994,9.795,85706.0,300043
1379,2017-02-23,9.865,9.874,9.944,9.775,74228.0,300043
1380,2017-02-24,9.865,10.252,10.4,9.805,270280.0,300043
1381,2017-02-27,10.301,10.142,10.5,10.093,156692.0,300043
1382,2017-02-28,10.172,10.152,10.321,10.033,86353.0,300043
1383,2017-03-01,10.093,10.083,10.152,10.043,74809.0,300043
1384,2017-03-02,10.063,10.132,10.271,9.944,117359.0,300043
1385,2017-03-03,10.073,10.103,10.162,10.003,68750.0,300043
1386,2017-03-06,10.093,10.202,10.321,10.073,75600.0,300043
1387,2017-03-07,10.222,10.192,10.281,10.103,71961.0,300043
1388,2017-03-08,10.212,10.192,10.242,10.093,73613.0,300043
1389,2017-03-09,10.123,9.964,10.182,9.934,84324.0,300043
1390,2017-03-10,9.954,9.845,10.043,9.845,68043.0,300043
1391,2017-03-13,9.835,9.874,9.904,9.706,83398.0,300043
1392,2017-03-14,9.884,9.686,9.894,9.656,101332.0,300043
1393,2017-03-15,9.676,9.696,9.745,9.616,69298.0,300043
1394,2017-03-16,9.696,9.775,9.805,9.696,61439.0,300043
1395,2017-03-17,9.865,9.934,10.212,9.815,179959.0,300043
1396,2017-03-20,9.924,9.795,9.974,9.706,100848.0,300043
1397,2017-03-21,9.745,9.666,9.775,9.616,90963.0,300043
1398,2017-03-22,9.606,9.348,9.616,9.348,126087.0,300043
1399,2017-03-23,9.348,9.229,9.418,9.13,99354.0,300043
1400,2017-03-24,9.249,9.398,9.448,9.249,75170.0,300043
1401,2017-03-27,9.418,9.368,9.458,9.239,75120.0,300043
1402,2017-03-28,9.358,9.378,9.487,9.329,60060.0,300043
1403,2017-03-29,9.428,9.249,9.428,9.21,55793.0,300043
1404,2017-03-30,9.21,8.981,9.269,8.971,78771.0,300043
1405,2017-03-31,8.981,9.011,9.071,8.922,52563.0,300043
1406,2017-04-05,9.021,9.249,9.249,8.991,66814.0,300043
1407,2017-04-06,9.18,9.239,9.428,9.11,118968.0,300043
1408,2017-04-07,9.19,9.289,9.319,9.14,73873.0,300043
1409,2017-04-10,9.229,9.081,9.259,9.031,68146.0,300043
1410,2017-04-11,9.081,9.18,9.18,9.041,62040.0,300043
1411,2017-04-12,9.18,9.1,9.249,9.051,86627.0,300043
1412,2017-04-13,9.1,9.09,9.219,9.061,56747.0,300043
1413,2017-04-14,9.071,8.981,9.1,8.961,49928.0,300043
1414,2017-04-17,8.961,8.793,9.001,8.684,69738.0,300043
1415,2017-04-18,8.803,8.664,8.842,8.654,70641.0,300043
1416,2017-04-19,8.664,8.574,8.674,8.267,85240.0,300043
1417,2017-04-20,8.525,8.555,8.644,8.495,47763.0,300043
1418,2017-04-21,8.555,8.555,8.614,8.535,35072.0,300043
1419,2017-04-24,8.485,8.247,8.545,8.227,55986.0,300043
1420,2017-04-25,8.297,8.326,8.465,8.287,57473.0,300043
1421,2017-04-26,8.316,8.336,8.386,8.287,45395.0,300043
1422,2017-04-27,8.336,8.475,8.495,8.088,72118.0,300043
1423,2017-04-28,8.435,8.594,8.674,8.435,58382.0,300043
1424,2017-05-02,8.584,8.386,8.624,8.356,53224.0,300043
1425,2017-05-03,8.336,8.366,8.445,8.267,43546.0,300043
1426,2017-05-04,8.346,8.277,8.406,8.207,60611.0,300043
1427,2017-05-05,8.257,8.058,8.267,8.048,51605.0,300043
1428,2017-05-08,8.058,8.098,8.267,7.989,62045.0,300043
1429,2017-05-09,7.999,8.168,8.177,7.919,72698.0,300043
1430,2017-05-10,8.148,7.969,8.247,7.969,63048.0,300043
1431,2017-05-11,7.939,7.85,7.999,7.612,69386.0,300043
1432,2017-05-12,7.88,7.711,7.88,7.632,48773.0,300043
1433,2017-05-15,7.721,7.622,7.81,7.592,49782.0,300043
1434,2017-05-16,7.622,7.86,7.9,7.423,101343.0,300043
1435,2017-05-17,7.8,7.939,8.088,7.79,100894.0,300043
1436,2017-05-18,7.88,7.88,7.999,7.84,49051.0,300043
1437,2017-05-19,7.95,7.72,7.95,7.61,61996.0,300043
1438,2017-05-22,7.67,7.79,8.05,7.64,75266.0,300043
1439,2017-05-23,7.76,7.57,7.83,7.5,65824.0,300043
1440,2017-05-24,7.52,7.75,7.8,7.43,54323.0,300043
1441,2017-05-25,7.77,7.92,7.96,7.63,74877.0,300043
1442,2017-05-26,7.88,7.85,7.97,7.81,47638.0,300043
1443,2017-05-31,7.88,7.86,8.02,7.8,50626.0,300043
1444,2017-06-01,7.82,7.55,7.83,7.49,51961.0,300043
1445,2017-06-02,7.52,7.8,7.82,7.45,57260.0,300043
1446,2017-06-05,7.84,8.05,8.09,7.79,116025.0,300043
1447,2017-06-06,8.86,8.78,8.86,8.6,236117.0,300043
1448,2017-06-07,8.42,8.71,8.8,8.32,339955.0,300043
1449,2017-06-08,8.67,8.54,8.7,8.51,195126.0,300043
1450,2017-06-09,8.54,8.34,8.56,8.23,136736.0,300043
1451,2017-06-12,8.26,8.28,8.46,8.19,103516.0,300043
1452,2017-06-13,8.28,8.4,8.44,8.25,82903.0,300043
1453,2017-06-14,8.31,8.29,8.36,8.25,68764.0,300043
1454,2017-06-15,8.29,8.4,8.52,8.27,105641.0,300043
1455,2017-06-16,8.41,8.41,8.48,8.36,77032.0,300043
1456,2017-06-19,8.42,8.7,8.77,8.39,214719.0,300043
1457,2017-06-20,8.65,8.52,8.7,8.48,163250.0,300043
1458,2017-06-21,8.51,8.35,8.51,8.25,138209.0,300043
1459,2017-06-22,8.33,8.31,8.47,8.29,95685.0,300043
1460,2017-06-23,8.29,8.23,8.32,8.11,74014.0,300043
1461,2017-06-26,8.25,8.31,8.32,8.18,66384.0,300043
1462,2017-06-27,8.34,8.27,8.38,8.27,47562.0,300043
1463,2017-06-28,8.28,8.25,8.28,8.17,46396.0,300043
1464,2017-06-29,8.25,8.25,8.32,8.2,41564.0,300043
1465,2017-06-30,8.27,8.21,8.27,8.16,39344.0,300043
1466,2017-07-03,8.25,8.41,8.44,8.25,113665.0,300043
1467,2017-07-04,8.43,8.42,8.49,8.37,71219.0,300043
1468,2017-07-05,8.39,8.43,8.44,8.36,58727.0,300043
1469,2017-07-06,8.45,8.34,8.5,8.28,74397.0,300043
1470,2017-07-07,8.31,8.34,8.37,8.28,44863.0,300043
1471,2017-07-10,8.36,8.23,8.38,8.22,59519.0,300043
1472,2017-07-11,8.23,8.08,8.32,8.07,59991.0,300043
1473,2017-07-12,8.07,7.94,8.14,7.83,76352.0,300043
1474,2017-07-13,7.95,7.93,7.96,7.87,35894.0,300043
1475,2017-07-14,7.89,7.9,7.94,7.84,39353.0,300043
1476,2017-07-17,7.77,7.25,7.77,7.2,121399.0,300043
1477,2017-07-18,7.25,7.31,7.4,7.05,74841.0,300043
1478,2017-07-19,7.27,7.29,7.31,7.13,56968.0,300043
1479,2017-07-20,7.3,7.23,7.35,7.22,55153.0,300043
1480,2017-07-21,7.23,7.26,7.31,7.21,32742.0,300043
1481,2017-07-24,7.24,7.32,7.32,7.18,43110.0,300043
1482,2017-07-25,7.32,7.41,7.5,7.27,73849.0,300043
1483,2017-07-26,7.42,7.52,7.7,7.33,78639.0,300043
1484,2017-07-27,7.49,8.08,8.27,7.43,286707.0,300043
1485,2017-07-28,8.06,7.89,8.11,7.86,155457.0,300043
1486,2017-07-31,7.84,7.91,8.08,7.81,89641.0,300043
1487,2017-08-01,7.9,8.03,8.03,7.81,105394.0,300043
1488,2017-08-02,8.0,7.81,8.03,7.81,68558.0,300043
1489,2017-08-03,7.83,7.86,8.01,7.79,65580.0,300043
1490,2017-08-04,7.9,7.79,7.92,7.79,46745.0,300043
1491,2017-08-07,7.78,7.83,7.92,7.77,42485.0,300043
1492,2017-08-08,7.79,7.94,7.94,7.79,62499.0,300043
1493,2017-08-09,7.91,7.9,8.03,7.85,72144.0,300043
1494,2017-08-10,7.89,7.69,7.94,7.6,95633.0,300043
1495,2017-08-11,7.61,7.67,7.75,7.55,50770.0,300043
1496,2017-08-14,7.62,7.87,7.92,7.61,65740.0,300043
1497,2017-08-15,7.88,7.92,7.97,7.81,49797.0,300043
1498,2017-08-16,7.88,8.05,8.1,7.85,122219.0,300043
1499,2017-08-17,8.01,8.11,8.23,7.97,134950.0,300043
1500,2017-08-18,8.05,8.09,8.18,7.98,88177.0,300043
1501,2017-08-21,8.08,8.16,8.24,8.06,77191.0,300043
1502,2017-08-22,8.18,8.03,8.2,8.0,80612.0,300043
1503,2017-08-23,8.01,7.93,8.06,7.91,54458.0,300043
1504,2017-08-24,7.95,7.84,7.95,7.82,41340.0,300043
1505,2017-08-25,7.87,7.89,7.95,7.83,56527.0,300043
1506,2017-08-28,7.89,8.0,8.05,7.84,69199.0,300043
1507,2017-08-29,8.01,7.83,8.06,7.79,75688.0,300043
1508,2017-08-30,7.8,7.86,7.92,7.8,44844.0,300043
1509,2017-08-31,7.88,7.85,7.9,7.74,72042.0,300043
1510,2017-09-01,7.87,7.74,7.87,7.69,102980.0,300043
1511,2017-09-04,7.72,7.93,7.93,7.72,103815.0,300043
1512,2017-09-05,7.93,7.85,7.94,7.82,71312.0,300043
1513,2017-09-06,7.85,7.82,7.89,7.7,76788.0,300043
1514,2017-09-07,7.85,7.82,7.92,7.8,85570.0,300043
1515,2017-09-08,7.83,7.78,7.84,7.74,61988.0,300043
1516,2017-09-11,7.75,7.84,7.85,7.73,54428.0,300043
1517,2017-09-12,7.85,7.76,7.87,7.73,69663.0,300043
1518,2017-09-13,7.77,7.84,7.88,7.76,49116.0,300043
1519,2017-09-14,7.85,7.9,7.93,7.78,70717.0,300043
1520,2017-09-15,7.88,7.95,8.05,7.85,89000.0,300043
1521,2017-09-18,7.97,8.0,8.01,7.89,70117.0,300043
1522,2017-09-19,7.98,7.85,8.01,7.81,64056.0,300043
1523,2017-09-20,7.83,7.86,7.9,7.76,49199.0,300043
1524,2017-09-21,7.87,7.77,7.88,7.77,37842.0,300043
1525,2017-09-22,7.75,7.71,7.77,7.7,33451.0,300043
1526,2017-09-25,7.7,7.66,7.79,7.66,37406.0,300043
1527,2017-09-26,7.69,7.45,7.73,7.44,81361.0,300043
1528,2017-09-27,7.49,7.68,7.74,7.47,84759.0,300043
1529,2017-09-28,7.69,7.66,7.78,7.66,49422.0,300043
1530,2017-09-29,7.65,7.85,7.95,7.64,67904.0,300043
1531,2017-10-09,7.94,7.93,7.98,7.87,72929.0,300043
1532,2017-10-10,7.94,8.04,8.05,7.9,86886.0,300043
1533,2017-10-11,8.06,7.99,8.15,7.97,128826.0,300043
1534,2017-10-12,8.02,8.23,8.26,8.0,194290.0,300043
1535,2017-10-13,8.18,8.41,8.47,8.08,208690.0,300043
1536,2017-10-16,8.34,8.38,8.4,8.18,148528.0,300043
1537,2017-10-17,8.3,8.16,8.33,8.12,84783.0,300043
1538,2017-10-18,8.23,8.14,8.23,8.08,61161.0,300043
1539,2017-10-19,8.15,7.9,8.18,7.87,73005.0,300043
1540,2017-10-20,7.92,7.89,7.97,7.81,54440.0,300043
1541,2017-10-23,7.94,7.95,8.02,7.89,55265.0,300043
1542,2017-10-24,7.95,7.7,7.95,7.6,87057.0,300043
1543,2017-10-25,7.71,7.78,7.78,7.67,35402.0,300043
1544,2017-10-26,7.78,7.79,7.84,7.73,39254.0,300043
1545,2017-10-27,7.77,7.68,7.82,7.64,55237.0,300043
1546,2017-10-30,7.65,7.33,7.65,7.28,99327.0,300043
1547,2017-10-31,7.34,7.37,7.41,7.25,44877.0,300043
1548,2017-11-01,7.34,7.36,7.38,7.27,43691.0,300043
1549,2017-11-02,7.34,7.23,7.36,7.16,53545.0,300043
1550,2017-11-03,7.2,7.19,7.25,7.13,41020.0,300043
1551,2017-11-06,7.19,7.32,7.33,7.17,44045.0,300043
1552,2017-11-07,7.31,7.24,7.35,7.18,68073.0,300043
1553,2017-11-08,7.2,7.2,7.31,7.2,63888.0,300043
1554,2017-11-09,7.2,7.29,7.34,7.18,66394.0,300043
1555,2017-11-10,7.35,7.32,7.43,7.19,105199.0,300043
1556,2017-11-13,7.48,7.21,7.6,7.13,158757.0,300043
1557,2017-11-14,7.12,7.16,7.17,7.07,88897.0,300043
1558,2017-11-15,7.13,7.13,7.15,7.08,36862.0,300043
1559,2017-11-16,7.11,7.27,7.37,7.07,116605.0,300043
1560,2017-11-17,7.2,7.1,7.24,7.08,79759.0,300043
1561,2017-11-20,7.09,7.17,7.2,6.93,67494.0,300043
1562,2017-11-21,7.13,7.09,7.14,7.06,43533.0,300043
1563,2017-11-22,7.09,7.07,7.14,7.02,45247.0,300043
1564,2017-11-23,7.05,6.9,7.05,6.88,47620.0,300043
1565,2017-11-24,6.86,6.92,6.94,6.8,21653.0,300043
1566,2017-11-27,6.93,6.89,6.98,6.87,23041.0,300043
1567,2017-11-28,6.89,6.99,6.99,6.88,19508.0,300043
1568,2017-11-29,6.99,6.91,6.99,6.89,36530.0,300043
1569,2017-11-30,6.92,6.84,6.94,6.81,26027.0,300043
1570,2017-12-01,6.83,6.91,6.95,6.81,27046.0,300043
1571,2017-12-04,6.92,6.75,6.92,6.75,45576.0,300043
1572,2017-12-05,6.73,6.42,6.8,6.36,50584.0,300043
1573,2017-12-06,6.41,6.48,6.53,6.34,44968.0,300043
1574,2017-12-07,6.44,6.48,6.53,6.44,25295.0,300043
1575,2017-12-08,6.49,6.61,6.62,6.45,35436.0,300043
1576,2017-12-11,6.58,6.69,6.77,6.57,34400.0,300043
